cs_chr	cs_start	cs_end	MOV_tgt_chr	MOV_tgt_start	MOV_tgt_end	n_anchors	mean_identity
Chr1D	2652627	3674323	Chr1D	2037443	3056603	32	0.99884375
Chr1D	29835892	50550652	Chr1D	14298575	33664433	167	0.9922455089820362
Chr1D	133285887	171916820	Chr1D	90624378	129137329	95	0.9997263157894737
Chr1D	176978740	244077016	Chr1D	134173677	200204415	322	0.9994658385093167
Chr1D	246590066	265739242	Chr1D	202712224	221830627	206	0.9997718446601942
Chr1D	268196572	370136513	Chr1D	224289739	328437010	804	0.999431592039801
Chr1D	377280798	378163789	Chr1D	330024666	330906793	8	0.9998750000000001
Chr1D	388595998	433909877	Chr1D	331091322	376991596	501	0.9961297405189621
Chr1D	439083632	488235324	Chr1D	377227367	426217995	844	0.9982535545023697
