cs_chr	cs_start	cs_end	MOV_tgt_chr	MOV_tgt_start	MOV_tgt_end	n_anchors	mean_identity
Chr2D	4493827	110646106	Chr2D	27767	108302496	1483	0.9982110586648685
Chr2D	128060550	162056093	Chr2D	108776033	142457051	243	0.9991934156378601
Chr2D	165369565	183245517	Chr2D	142726989	160600715	86	0.999767441860465
Chr2D	261290514	263350533	Chr2D	232705759	234788340	4	0.99975
Chr2D	296478930	350004256	Chr2D	258120605	311493646	274	0.9996423357664234
Chr2D	353874012	434240162	Chr2D	311829020	396580860	579	0.9997219343696031
Chr2D	436504634	561008986	Chr2D	397020577	522030635	1043	0.9995608820709491
Chr2D	566333240	656399205	Chr2D	522286333	611266992	1366	0.997718887262079
