cs_chr	cs_start	cs_end	Kariega_tgt_chr	Kariega_tgt_start	Kariega_tgt_end	n_anchors	mean_identity
Chr1D	21205	171916820	Chr1D	115307	174620719	1281	0.9968064012490243
Chr1D	176978740	244077016	Chr1D	179632234	246528202	330	0.9995939393939394
Chr1D	246590066	265739242	Chr1D	249033086	268136231	204	0.9997843137254901
Chr1D	268196572	498608479	Chr1D	270591824	504438886	2562	0.9994758001561281
