cs_chr	cs_start	cs_end	Kariega_tgt_chr	Kariega_tgt_start	Kariega_tgt_end	n_anchors	mean_identity
Chr2D	84238	215062920	Chr2D	1871635	218863899	2240	0.9985968749999999
Chr2D	217854985	226021304	Chr2D	221649874	229791016	13	0.9995384615384617
Chr2D	228439393	238204054	Chr2D	232207050	241969403	10	0.9998000000000001
Chr2D	240232637	259978877	Chr2D	243992087	263525312	32	0.9999375
Chr2D	263858571	270527810	Chr2D	264159846	270852365	14	0.9997857142857144
Chr2D	273178435	283308056	Chr2D	273500044	286678244	29	0.9988620689655172
Chr2D	285583565	656399205	Chr2D	288945736	662384799	3389	0.9986178813809383
