cs_chr	cs_start	cs_end	Kariega_tgt_chr	Kariega_tgt_start	Kariega_tgt_end	n_anchors	mean_identity
Chr5D	298647	19135368	Chr5D	568143	19504489	225	0.9989644444444444
Chr5D	20340841	143714900	Chr5D	22845578	154612128	904	0.9996592920353983
Chr5D	151476064	185711594	Chr5D	162080211	196368570	58	0.9981034482758621
Chr5D	191739975	196532049	Chr5D	204396091	209179190	23	0.9970434782608697
Chr5D	199741740	505452296	Chr5D	212386793	522306493	3187	0.999449325384374
Chr5D	508276517	569782173	Chr5D	522982348	584146163	1017	0.9958593903638151
