cs_chr	cs_start	cs_end	Kariega_tgt_chr	Kariega_tgt_start	Kariega_tgt_end	n_anchors	mean_identity
Chr7A	239033	74955432	Chr7A	292870	75421342	920	0.9918880434782609
Chr7A	77011021	149795904	Chr7A	78653896	152918232	685	0.996541605839416
Chr7A	161151185	166120232	Chr7A	164972333	169379009	30	0.9903
Chr7A	176812931	316231457	Chr7A	181630698	320022002	691	0.9977612156295224
Chr7A	318780197	364830171	Chr7A	322512033	368801558	85	0.9995058823529411
Chr7A	367537951	393376082	Chr7A	373178192	400678182	38	0.9998157894736844
Chr7A	396497557	535750726	Chr7A	403791819	543933266	605	0.9981603305785123
Chr7A	553472216	557923245	Chr7A	561597310	566013910	20	0.9990499999999999
Chr7A	575144228	744483656	Chr7A	583970308	755363076	1598	0.9953329161451814
