cs_chr	cs_start	cs_end	Julius_tgt_chr	Julius_tgt_start	Julius_tgt_end	n_anchors	mean_identity
Chr2D	34213	212930092	Chr2D	82827	218943992	2145	0.9964671328671326
Chr2D	215731966	223908849	Chr2D	221741144	229896114	13	0.9995384615384617
Chr2D	226334565	236124178	Chr2D	232321072	242063915	10	0.9977
Chr2D	238162860	265066747	Chr2D	244081096	270773347	45	0.9996000000000002
Chr2D	267698311	280652282	Chr2D	273501248	287172574	35	0.9989428571428571
Chr2D	282927919	582494715	Chr2D	289420589	593145865	2180	0.9973169724770642
Chr2D	584531119	635522009	Chr2D	593751323	649349653	598	0.9826605351170568
Chr2D	643316111	647814446	Chr2D	653342154	657774507	101	0.9976435643564355
