cs_chr	cs_start	cs_end	Julius_tgt_chr	Julius_tgt_start	Julius_tgt_end	n_anchors	mean_identity
Chr4B	10437196	15261430	Chr4B	21842	4500506	58	0.990844827586207
Chr4B	4135034	9956367	Chr4B	4979362	10899560	70	0.9913285714285717
Chr4B	15411419	83143343	Chr4B	14644537	83114150	608	0.9972631578947369
Chr4B	85363222	152088859	Chr4B	85329523	151330552	378	0.9968042328042329
Chr4B	154112314	161625531	Chr4B	153331047	160819798	12	0.9993333333333334
Chr4B	163837175	201772039	Chr4B	163161129	201002600	178	0.9979775280898876
Chr4B	357909130	429353205	Chr4B	351819206	423043248	339	0.9986135693215339
Chr4B	431793129	673534850	Chr4B	425495115	670293768	1825	0.9962942465753425
