cs_chr	cs_start	cs_end	Julius_tgt_chr	Julius_tgt_start	Julius_tgt_end	n_anchors	mean_identity
Chr5D	95790	3766301	Chr5D	3864797	7340764	48	0.9989166666666667
Chr5D	7566214	142906633	Chr5D	7796289	146700915	997	0.9985175526579738
Chr5D	150833053	185200167	Chr5D	153611466	187853314	58	0.9980689655172413
Chr5D	187947173	193635424	Chr5D	189941768	200666903	22	0.9995
Chr5D	196853980	564228716	Chr5D	203885915	575119065	4163	0.9980749459524383
