cs_chr	cs_start	cs_end	Julius_tgt_chr	Julius_tgt_start	Julius_tgt_end	n_anchors	mean_identity
Chr7D	210218	277735513	Chr7D	122919	280617633	2657	0.997747083176515
Chr7D	282874482	285683864	Chr7D	285766886	288633212	5	0.9865999999999999
Chr7D	287902401	307163278	Chr7D	290833686	312924337	41	0.9991219512195122
Chr7D	309504249	313709460	Chr7D	315255973	319445422	11	1.0
Chr7D	318812712	321972400	Chr7D	321615407	324757881	6	1.0
Chr7D	324339077	340299388	Chr7D	327111774	343486020	19	0.9996315789473683
Chr7D	342405820	636967267	Chr7D	345725984	642379752	2503	0.998411506192569
Chr7D	638188034	638667898	Chr7D	635744673	636220482	16	0.9998750000000001
