cs_chr	cs_start	cs_end	Chuanmai104_tgt_chr	Chuanmai104_tgt_start	Chuanmai104_tgt_end	n_anchors	mean_identity
Chr1D	75236	169063458	Chr1D	113454	171893925	1254	0.9972472089314196
Chr1D	174112790	241478197	Chr1D	176905371	243797843	335	0.9998835820895521
Chr1D	243970232	263198593	Chr1D	246306132	265417427	203	0.9998965517241378
Chr1D	265672658	495423156	Chr1D	267872970	500236332	2538	0.9986528762805359
