cs_chr	cs_start	cs_end	Chuanmai104_tgt_chr	Chuanmai104_tgt_start	Chuanmai104_tgt_end	n_anchors	mean_identity
Chr2D	34213	212930092	Chr2D	1996825	219444680	2215	0.998325959367946
Chr2D	215731966	223908849	Chr2D	222232318	230373320	13	0.9995384615384617
Chr2D	226334565	236124178	Chr2D	232789253	242551442	10	0.9995
Chr2D	238162860	265066747	Chr2D	244574084	271432529	46	0.9998913043478261
Chr2D	267698311	280652282	Chr2D	274080146	287258138	34	0.9995588235294117
Chr2D	282927919	635522009	Chr2D	289525570	644520076	3088	0.9989808937823834
Chr2D	641896218	646787971	Chr2D	650448590	655353324	121	0.999892561983471
Chr2D	635595340	641612379	Chr2D	655633607	662106657	98	0.9922142857142857
