cs_chr	cs_start	cs_end	Chuanmai104_tgt_chr	Chuanmai104_tgt_start	Chuanmai104_tgt_end	n_anchors	mean_identity
Chr5D	95790	142906633	Chr5D	575498	151323176	1127	0.9995128660159717
Chr5D	150833053	185200167	Chr5D	158798997	193081925	58	0.9987068965517242
Chr5D	187947173	193635424	Chr5D	194944751	206305301	25	0.99684
Chr5D	196853980	564587624	Chr5D	209505347	585124139	4165	0.9983558223289316
