cs_chr	cs_start	cs_end	Chuanmai104_tgt_chr	Chuanmai104_tgt_start	Chuanmai104_tgt_end	n_anchors	mean_identity
Chr6D	46902857	48514488	Chr6D	81986880	83589221	22	0.9965
Chr6D	43783	164765103	Chr6D	128768	193757833	1670	0.9990952095808383
Chr6D	166779487	214550301	Chr6D	195756545	243752507	71	0.9987183098591548
Chr6D	216846232	227401287	Chr6D	246963861	257484402	15	0.9988
Chr6D	232122220	239805311	Chr6D	262188798	269827129	12	0.9940833333333333
Chr6D	242219199	280904417	Chr6D	272250079	313119141	144	0.9984791666666667
Chr6D	283156017	415028218	Chr6D	315359300	446704654	1031	0.9994219204655674
Chr6D	417690848	473516145	Chr6D	449363262	506763250	938	0.9964765458422176
