cs_chr	cs_start	cs_end	Chuanmai104_tgt_chr	Chuanmai104_tgt_start	Chuanmai104_tgt_end	n_anchors	mean_identity
Chr7A	239629	71670370	Chr7A	246792	74735354	905	0.9916022099447513
Chr7A	73730871	146026136	Chr7A	77701723	151486699	692	0.9961546242774567
Chr7A	157400932	161738248	Chr7A	162746347	167798305	14	0.9934285714285714
Chr7A	171535728	311914665	Chr7A	179565496	319217747	686	0.9977900874635567
Chr7A	314415263	356369547	Chr7A	321703954	364152437	81	0.9985925925925926
Chr7A	359051136	360613751	Chr7A	366778981	368315661	3	0.999
Chr7A	362739671	374550194	Chr7A	372406695	383532758	14	0.9992857142857143
Chr7A	376613612	388772773	Chr7A	385577040	399405347	23	0.9998695652173913
Chr7A	391904207	736698014	Chr7A	402526119	753099881	2535	0.9973873767258382
