cs_chr	cs_start	cs_end	Jagger_tgt_chr	Jagger_tgt_start	Jagger_tgt_end	n_anchors	mean_identity
Chr1A	55218	161541694	Chr1A	16840	158260919	1177	0.9955548003398471
Chr1A	163678239	179374573	Chr1A	160420976	176038205	29	0.9978620689655172
Chr1A	181647298	184244993	Chr1A	178077593	180683969	5	0.9996
Chr1A	187212146	195578524	Chr1A	183698493	191973537	11	0.9998181818181819
Chr1A	202719482	204217307	Chr1A	199071192	200544896	5	0.9987999999999999
Chr1A	206439950	211446295	Chr1A	202820747	207860846	8	0.999625
Chr1A	214866098	411777219	Chr1A	211235776	412093418	891	0.9951380471380471
Chr1A	415385177	422384517	Chr1A	414517154	422692262	22	0.9928181818181817
Chr1A	425019660	598556974	Chr1A	424525489	596097342	1872	0.9940998931623931
