cs_chr	cs_start	cs_end	Jagger_tgt_chr	Jagger_tgt_start	Jagger_tgt_end	n_anchors	mean_identity
Chr1D	21205	171916820	Chr1D	116365	166726532	1224	0.9956356209150324
Chr1D	176978740	244077016	Chr1D	171816104	239091080	322	0.9983664596273292
Chr1D	246590066	265739242	Chr1D	241523087	260782156	209	0.9994114832535884
Chr1D	268196572	498608479	Chr1D	263264307	493385772	2394	0.9957731829573936
