cs_chr	cs_start	cs_end	Jagger_tgt_chr	Jagger_tgt_start	Jagger_tgt_end	n_anchors	mean_identity
Chr2D	84238	215062920	Chr2D	632016	231049371	2116	0.9973402646502835
Chr2D	217854985	226021304	Chr2D	233828848	241988940	13	0.9996153846153847
Chr2D	228439393	238204054	Chr2D	244403746	254127682	10	0.9966000000000002
Chr2D	240232637	259978877	Chr2D	256154950	275824655	32	0.99859375
Chr2D	262870394	270527810	Chr2D	276272574	288864579	16	0.9991875
Chr2D	274204219	283308056	Chr2D	286939380	299671838	29	0.998
Chr2D	285583565	585491019	Chr2D	301940516	602780452	2180	0.996838990825688
Chr2D	587518411	652296457	Chr2D	603347133	673964316	858	0.9839487179487181
