cs_chr	cs_start	cs_end	Jagger_tgt_chr	Jagger_tgt_start	Jagger_tgt_end	n_anchors	mean_identity
Chr6D	43783	27630303	Chr6D	96612	25724221	502	0.9974940239043824
Chr6D	64544097	186375773	Chr6D	28881081	151061094	937	0.9987790821771612
Chr6D	188380630	235958205	Chr6D	153045485	199932711	75	0.9990533333333332
Chr6D	238222872	248135261	Chr6D	202485371	212426412	14	0.9993571428571428
Chr6D	253451229	261093398	Chr6D	217754239	225408248	12	0.9970833333333332
Chr6D	263489417	302615547	Chr6D	227818377	266515490	143	0.9985594405594403
Chr6D	304859324	436495956	Chr6D	268756561	400616220	1019	0.9985691854759569
Chr6D	439160889	495303957	Chr6D	403300633	459249197	885	0.9929966101694916
