cs_chr	cs_start	cs_end	Jagger_tgt_chr	Jagger_tgt_start	Jagger_tgt_end	n_anchors	mean_identity
Chr7D	210218	282517414	Chr7D	380636	280768858	2632	0.997616641337386
Chr7D	284804194	287605519	Chr7D	283100788	285930455	5	0.9896
Chr7D	289812212	308999203	Chr7D	288127800	310282764	39	0.9997435897435898
Chr7D	311331614	315519045	Chr7D	312636022	316840826	11	0.9977272727272728
Chr7D	320605710	323749465	Chr7D	319010529	322156147	6	0.9951666666666666
Chr7D	326109003	342132821	Chr7D	324527466	341824812	19	0.9996315789473684
Chr7D	344251962	642791758	Chr7D	342422362	643318710	2495	0.9982196392785572
