cs_chr	cs_start	cs_end	Aikang58_tgt_chr	Aikang58_tgt_start	Aikang58_tgt_end	n_anchors	mean_identity
Chr1D	75236	169063458	Chr1D	65548	169254436	1254	0.9965813397129186
Chr1D	174112790	241478197	Chr1D	174406579	242437546	331	0.999628398791541
Chr1D	243970232	263198593	Chr1D	244945890	264018059	207	0.999671497584541
Chr1D	265672658	495423156	Chr1D	266567825	499034574	2558	0.9992544956997654
