cs_chr	cs_start	cs_end	Aikang58_tgt_chr	Aikang58_tgt_start	Aikang58_tgt_end	n_anchors	mean_identity
Chr5D	95790	141435654	Chr5D	4546805	150971702	1125	0.9993706666666666
Chr5D	150833053	185200167	Chr5D	155424988	189765542	56	0.9986785714285714
Chr5D	187947173	193635424	Chr5D	193008238	203540710	24	0.9960833333333333
Chr5D	196853980	557397579	Chr5D	206761199	574874900	4068	0.9989879547689282
Chr5D	562063450	562833537	Chr5D	576402779	577160722	20	0.9630499999999997
