cs_chr	cs_start	cs_end	Aikang58_tgt_chr	Aikang58_tgt_start	Aikang58_tgt_end	n_anchors	mean_identity
Chr6D	52671	164765103	Chr6D	1679098	190693723	1660	0.9987132530120482
Chr6D	166779487	214550301	Chr6D	192695288	239911118	75	0.9988133333333333
Chr6D	216846232	227401287	Chr6D	242512577	252995225	15	0.9987333333333334
Chr6D	232122220	239805311	Chr6D	257751623	265458757	12	0.9934166666666666
Chr6D	242219199	280904417	Chr6D	267881436	307032599	141	0.9980141843971632
Chr6D	283156017	415028218	Chr6D	309278510	441953833	1017	0.9993441494591938
Chr6D	417690848	471731702	Chr6D	444650089	499364647	895	0.9966916201117318
Chr6D	321775420	322460767	Chr6D	400629469	401338321	6	1.0
Chr6D	471819254	473516145	Chr6D	113117	1576882	41	0.9919512195121951
