cs_chr	cs_start	cs_end	Aikang58_tgt_chr	Aikang58_tgt_start	Aikang58_tgt_end	n_anchors	mean_identity
Chr7A	239629	71670370	Chr7A	301686	75488909	837	0.9903512544802867
Chr7A	73730871	126196546	Chr7A	77087092	130507994	497	0.9967102615694166
Chr7A	128898150	146026136	Chr7A	130667403	147301064	134	0.993768656716418
Chr7A	155259694	169311246	Chr7A	160269259	175583321	108	0.9952685185185184
Chr7A	186515283	311914665	Chr7A	193715078	318115906	590	0.9978661016949152
Chr7A	314415263	356369547	Chr7A	320636686	362202200	79	0.9985949367088609
Chr7A	359051136	360613751	Chr7A	364920899	366584518	3	0.999
Chr7A	362739671	388772773	Chr7A	371783018	397636967	37	0.9994864864864865
Chr7A	391904207	736698014	Chr7A	400828754	747296503	2449	0.9951302572478563
