cs_chr	cs_start	cs_end	Aikang58_tgt_chr	Aikang58_tgt_start	Aikang58_tgt_end	n_anchors	mean_identity
Chr7D	210218	277735513	Chr7D	334888	282466304	2645	0.9985009451795841
Chr7D	282874482	285683864	Chr7D	287597871	290457089	5	0.9865999999999999
Chr7D	287902401	307163278	Chr7D	292664692	314743950	41	0.9990731707317074
Chr7D	309504249	313709460	Chr7D	317119113	321216616	11	1.0
Chr7D	318812712	321972400	Chr7D	323414676	326590140	6	1.0
Chr7D	324339077	340299388	Chr7D	328974063	345524088	19	0.9996842105263157
Chr7D	342405820	638667898	Chr7D	347854363	644194352	2440	0.9982901639344263
Chr7D	630273130	630720862	Chr7D	644266967	644729340	13	1.0
