cs_chr	cs_start	cs_end	Cadenza_v2_tgt_chr	Cadenza_v2_tgt_start	Cadenza_v2_tgt_end	n_anchors	mean_identity
Chr1D	85144	169063458	Chr1D	99966	171691453	1217	0.9961470829909613
Chr1D	174112790	241478197	Chr1D	173629481	240515068	333	0.9996876876876876
Chr1D	243970232	263198593	Chr1D	243022897	262131991	207	0.9998309178743962
Chr1D	265672658	495423156	Chr1D	264596766	496574944	2438	0.996874897456932
