cs_chr	cs_start	cs_end	Cadenza_v2_tgt_chr	Cadenza_v2_tgt_start	Cadenza_v2_tgt_end	n_anchors	mean_identity
Chr4B	234405	83143343	Chr4B	259386	87014060	814	0.9972788697788699
Chr4B	85363222	152088859	Chr4B	89240944	155841346	390	0.9997153846153847
Chr4B	154112314	161625531	Chr4B	157840222	165332449	12	0.9999166666666667
Chr4B	163837175	203850975	Chr4B	167908076	209236425	181	0.9995248618784531
Chr4B	206794132	223387060	Chr4B	212133491	234070889	42	0.9991904761904762
Chr4B	258773888	260054174	Chr4B	267693905	268966487	4	1.0
Chr4B	315728157	317762138	Chr4B	326955710	328958888	8	1.0
Chr4B	357909130	429353205	Chr4B	364842931	439325602	340	0.9984647058823528
Chr4B	431793129	673534850	Chr4B	441688443	691744283	1829	0.9963411700382723
