cs_chr	cs_start	cs_end	Cadenza_v2_tgt_chr	Cadenza_v2_tgt_start	Cadenza_v2_tgt_end	n_anchors	mean_identity
Chr5D	6541593	7016867	Chr5D	4452606	4928375	8	1.0
Chr5D	95790	142906633	Chr5D	569085	152846368	1116	0.9986926523297492
Chr5D	150833053	185200167	Chr5D	160278651	194557573	57	0.9980175438596491
Chr5D	187947173	193635424	Chr5D	195935067	204518084	23	0.9994782608695651
Chr5D	196853980	564228716	Chr5D	207709409	581997146	4172	0.998278523489933
Chr5D	564749882	565976360	Chr5D	573784134	574985339	34	0.9997058823529412
