cs_chr	cs_start	cs_end	Cadenza_v2_tgt_chr	Cadenza_v2_tgt_start	Cadenza_v2_tgt_end	n_anchors	mean_identity
Chr5B	18796	1579566	Chr5B	9493412	10677208	11	0.999909090909091
Chr5B	6219225	149330732	Chr5B	11984547	165188542	963	0.9957777777777778
Chr5B	152509380	167292122	Chr5B	167553593	184785247	26	0.9981538461538461
Chr5B	177191485	192381573	Chr5B	187599383	211379895	24	0.9945416666666667
Chr5B	202891999	210734983	Chr5B	219936887	227696458	25	0.99712
Chr5B	219089253	236283952	Chr5B	242675813	260158039	69	0.9941449275362317
Chr5B	238316269	257532817	Chr5B	261966720	280660871	78	0.99925641025641
Chr5B	259539413	341562322	Chr5B	282635173	365331687	497	0.9976800804828974
Chr5B	343826709	383208800	Chr5B	367554134	406758742	214	0.9975140186915888
Chr5B	386333053	412688052	Chr5B	407046700	435379017	199	0.9970603015075377
Chr5B	414828778	700236718	Chr5B	436672260	728107595	2842	0.9941157635467981
Chr5B	704074687	713118452	Chr5B	728383998	738040843	178	0.9960730337078652
