cs_chr	cs_start	cs_end	Cadenza_v2_tgt_chr	Cadenza_v2_tgt_start	Cadenza_v2_tgt_end	n_anchors	mean_identity
Chr6D	26351226	46873994	Chr6D	32925764	75737224	253	0.9994822134387351
Chr6D	50179900	164765103	Chr6D	76398305	193576047	878	0.9991981776765376
Chr6D	166779487	214550301	Chr6D	195556022	242121475	73	0.9988767123287671
Chr6D	216846232	227401287	Chr6D	244594315	255095939	15	0.9988666666666667
Chr6D	232122220	239805311	Chr6D	259798426	267425364	12	0.9938333333333333
Chr6D	242219199	280904417	Chr6D	269819773	310657716	144	0.9985416666666668
Chr6D	283156017	415028218	Chr6D	312885436	444338506	1032	0.9995852713178296
Chr6D	417690848	473516145	Chr6D	446989825	504921403	895	0.9947698324022346
