cs_chr	cs_start	cs_end	Renan_v2_tgt_chr	Renan_v2_tgt_start	Renan_v2_tgt_end	n_anchors	mean_identity
Chr1A	79742	159522669	Chr1A	5459	160050180	1071	0.9868767507002802
Chr1A	163395081	171020640	Chr1A	163793748	172001715	17	0.9902941176470589
Chr1A	200578799	202086777	Chr1A	201265621	202760758	5	0.994
Chr1A	204319371	209358469	Chr1A	204991496	209983442	7	0.9927142857142857
Chr1A	212017564	213918065	Chr1A	211756804	213030465	5	0.9944000000000001
Chr1A	216435878	410154980	Chr1A	215185281	407502346	828	0.98881038647343
Chr1A	415298382	420515127	Chr1A	409873048	418907534	19	0.9947894736842106
Chr1A	423288966	593997588	Chr1A	420780160	593816418	1760	0.9863227272727272
