cs_chr	cs_start	cs_end	Renan_v2_tgt_chr	Renan_v2_tgt_start	Renan_v2_tgt_end	n_anchors	mean_identity
Chr1D	75236	13505612	Chr1D	13035	15308610	264	0.9885151515151516
Chr1D	16225627	169063458	Chr1D	15725041	169643346	856	0.9903843457943925
Chr1D	174112790	186015412	Chr1D	171940900	183706374	24	0.9944583333333332
Chr1D	188344356	241478197	Chr1D	186036949	238864822	270	0.9913000000000001
Chr1D	243970232	263198593	Chr1D	241370991	260489686	155	0.9929354838709677
Chr1D	265672658	495423156	Chr1D	262949752	494504304	2348	0.9903300681431005
