cs_chr	cs_start	cs_end	Renan_v2_tgt_chr	Renan_v2_tgt_start	Renan_v2_tgt_end	n_anchors	mean_identity
Chr6D	43783	46873994	Chr6D	49026	63711310	722	0.9891163434903048
Chr6D	49219813	164765103	Chr6D	64371957	181452617	794	0.9898463476070529
Chr6D	166779487	211669349	Chr6D	183382682	227694597	63	0.9928730158730158
Chr6D	216846232	227401287	Chr6D	231270936	244643913	15	0.9900666666666667
Chr6D	232122220	239805311	Chr6D	249401242	257066768	10	0.9875
Chr6D	242219199	280904417	Chr6D	259464448	298787761	131	0.9891603053435113
Chr6D	283156017	415028218	Chr6D	301014050	433013965	949	0.9903097997892518
Chr6D	417690848	473516145	Chr6D	435679397	493650766	798	0.9843208020050125
