cs_chr	cs_start	cs_end	Norin61_tgt_chr	Norin61_tgt_start	Norin61_tgt_end	n_anchors	mean_identity
Chr1D	85144	169063458	Chr1D	31390	168570657	1253	0.9964030327214685
Chr1D	174112790	241478197	Chr1D	173602987	240522768	332	0.9996566265060242
Chr1D	243970232	263198593	Chr1D	243013730	262099158	211	0.9998104265402844
Chr1D	265672658	495423156	Chr1D	264547978	492866371	2559	0.9988909730363424
