cs_chr	cs_start	cs_end	Norin61_tgt_chr	Norin61_tgt_start	Norin61_tgt_end	n_anchors	mean_identity
Chr1A	55218	159522669	Chr1A	712389	159526856	1081	0.9929565217391304
Chr1A	161671479	177484497	Chr1A	161697743	177328613	31	0.9993225806451612
Chr1A	179530042	182122609	Chr1A	179430639	182013128	6	0.9998333333333332
Chr1A	184934985	193518233	Chr1A	184803954	193328492	12	0.99975
Chr1A	200578799	202086777	Chr1A	200133056	201621446	5	1.0
Chr1A	204319371	209358469	Chr1A	203844853	208831474	7	0.9994285714285714
Chr1A	212017564	410154980	Chr1A	211458705	411670142	914	0.9970142231947483
Chr1A	412224586	593997588	Chr1A	413688102	593685554	1960	0.9964969387755103
