cs_chr	cs_start	cs_end	Norin61_tgt_chr	Norin61_tgt_start	Norin61_tgt_end	n_anchors	mean_identity
Chr2D	1524501	6206208	Chr2D	2499659	7142305	107	0.9992523364485981
Chr2D	8773595	212930092	Chr2D	8745275	213185074	2065	0.9989084745762712
Chr2D	215731966	223908849	Chr2D	215954110	224081709	13	0.9998461538461539
Chr2D	226334565	236124178	Chr2D	226490881	236208234	10	0.9992000000000001
Chr2D	238162860	265066747	Chr2D	238231534	264925129	46	0.9999130434782609
Chr2D	267698311	280652282	Chr2D	267571641	280894351	35	0.9968285714285715
Chr2D	282927919	647864194	Chr2D	283163642	650252314	3296	0.9984205097087379
