cs_chr	cs_start	cs_end	Norin61_tgt_chr	Norin61_tgt_start	Norin61_tgt_end	n_anchors	mean_identity
Chr2B	1316345	1832828	Chr2B	9987264	10949746	13	0.9770000000000002
Chr2B	7436144	9198299	Chr2B	3275665	5203963	43	0.9998139534883722
Chr2B	9283222	10808602	Chr2B	30731	1533249	26	1.0
Chr2B	10698	7161153	Chr2B	1870589	12211332	120	0.9954500000000001
Chr2B	11180525	127146122	Chr2B	12286546	131559517	1133	0.9944139452780227
Chr2B	129392470	240314058	Chr2B	133696403	243797428	775	0.9972206451612903
Chr2B	242536523	255576141	Chr2B	246011055	258918223	96	0.9961666666666668
Chr2B	371156865	374685964	Chr2B	372310343	375807302	25	0.99872
Chr2B	379832912	801254636	Chr2B	385658317	802878695	3302	0.9968964264082374
