cs_chr	cs_start	cs_end	Norin61_tgt_chr	Norin61_tgt_start	Norin61_tgt_end	n_anchors	mean_identity
Chr5D	11365423	18998491	Chr5D	65866	7626028	46	0.9997826086956522
Chr5D	7119737	11307949	Chr5D	7683390	11838740	56	0.9999285714285714
Chr5D	20210574	142906633	Chr5D	20288439	142790719	900	0.9994166666666667
Chr5D	150833053	185200167	Chr5D	148661158	182817436	58	0.9986206896551725
Chr5D	187947173	193635424	Chr5D	184747484	195651252	25	0.9984800000000001
Chr5D	196853980	565976360	Chr5D	198857225	564752295	4262	0.9990666353824496
Chr5D	562337885	562926870	Chr5D	556480743	557067160	17	0.9977058823529411
