cs_chr	cs_start	cs_end	Norin61_tgt_chr	Norin61_tgt_start	Norin61_tgt_end	n_anchors	mean_identity
Chr7A	9263210	12454551	Chr7A	75847	2707205	60	0.9874166666666666
Chr7A	211205518	211732393	Chr7A	156732327	157256181	20	0.9961
Chr7A	4015833	9364460	Chr7A	3226616	7629858	74	0.9794864864864865
Chr7A	12652075	71670370	Chr7A	11400524	70399460	789	0.9978517110266161
Chr7A	73730871	311914665	Chr7A	72209143	309583853	1582	0.9990733249051834
Chr7A	314415263	356369547	Chr7A	312085158	353717511	81	0.9987530864197531
Chr7A	359051136	360613751	Chr7A	356365442	357934736	3	0.999
Chr7A	362739671	388772773	Chr7A	362180516	387801715	37	0.9997297297297297
Chr7A	391904207	736698014	Chr7A	390902161	734602226	2572	0.9980695956454121
