cs_chr	cs_start	cs_end	Norin61_tgt_chr	Norin61_tgt_start	Norin61_tgt_end	n_anchors	mean_identity
Chr7B	1021120	6393401	Chr7B	3031761	8460634	70	0.9936714285714286
Chr7B	9751889	154814815	Chr7B	9897852	158172146	1092	0.9974642857142857
Chr7B	295082068	296338725	Chr7B	300362637	301300648	3	0.9996666666666667
Chr7B	310413787	312442469	Chr7B	312277313	314255366	5	0.9996
Chr7B	337929275	339223535	Chr7B	340150935	341360776	3	1.0
Chr7B	357994137	389109218	Chr7B	355752922	391027537	133	0.9990676691729321
Chr7B	391956637	405970176	Chr7B	393880275	407787765	52	0.9995384615384615
Chr7B	408568404	419042240	Chr7B	410353560	420901639	45	0.9998666666666667
Chr7B	421064524	541167218	Chr7B	422913608	542390532	765	0.9972980392156863
Chr7B	543188151	562991388	Chr7B	544385032	564002048	110	0.9989818181818182
Chr7B	565055644	736138668	Chr7B	566023778	737795031	1313	0.9940182787509518
Chr7B	738144856	745356617	Chr7B	739793359	746717647	54	0.979574074074074
Chr7B	749332248	750123563	Chr7B	747220440	748576033	13	0.9611538461538461
