cs_chr	cs_start	cs_end	JIN50_tgt_chr	JIN50_tgt_start	JIN50_tgt_end	n_anchors	mean_identity
Chr1A	2579955	19132766	Chr1A	4636176	20654006	196	0.9728826530612245
Chr1A	21986792	161541694	Chr1A	23622855	167712897	882	0.9974625850340135
Chr1A	163678239	179426534	Chr1A	169885374	185631532	31	0.9993548387096775
Chr1A	181647298	184244993	Chr1A	187728500	190302703	6	0.9971666666666666
Chr1A	187212146	195578524	Chr1A	193273921	201628196	11	0.9998181818181819
Chr1A	202719482	204217307	Chr1A	208808760	210303812	5	0.9987999999999999
Chr1A	206439950	211446295	Chr1A	212522729	217506246	8	0.999625
Chr1A	214015968	411777219	Chr1A	220011902	422173541	919	0.9963133841131666
Chr1A	414061309	422384517	Chr1A	424517187	433092815	23	0.9965652173913043
Chr1A	425019660	598556974	Chr1A	434902004	607273796	1936	0.9964142561983471
