cs_chr	cs_start	cs_end	JIN50_tgt_chr	JIN50_tgt_start	JIN50_tgt_end	n_anchors	mean_identity
Chr1D	21205	171916820	Chr1D	93780	169137467	1261	0.996107057890563
Chr1D	176978740	244077016	Chr1D	174152060	241041044	330	0.9994939393939396
Chr1D	246590066	265739242	Chr1D	243543422	262635837	206	0.99976213592233
Chr1D	268196572	498608479	Chr1D	265100556	498590634	2558	0.9989902267396404
