cs_chr	cs_start	cs_end	JIN50_tgt_chr	JIN50_tgt_start	JIN50_tgt_end	n_anchors	mean_identity
Chr2D	84238	215062920	Chr2D	1919895	217778781	2236	0.9985885509839
Chr2D	217854985	226021304	Chr2D	220564859	228699604	13	0.9996153846153848
Chr2D	228439393	238204054	Chr2D	231116259	240868216	10	0.9998
Chr2D	240232637	259978877	Chr2D	242889254	262413927	32	0.99990625
Chr2D	263858571	270527810	Chr2D	263049059	269706470	14	0.9997142857142858
Chr2D	273178435	283308056	Chr2D	272327869	285260870	29	0.9988620689655172
Chr2D	285583565	656399205	Chr2D	287502330	659782987	3409	0.9990041067761808
