cs_chr	cs_start	cs_end	JIN50_tgt_chr	JIN50_tgt_start	JIN50_tgt_end	n_anchors	mean_identity
Chr2A	20410613	237897856	Chr2A	21380285	239395302	1642	0.9950578562728382
Chr2A	255407514	256655987	Chr2A	266394965	267723427	3	0.9963333333333333
Chr2A	260439994	262863052	Chr2A	260139238	262540204	8	0.9975
Chr2A	283478083	286214975	Chr2A	284799477	287575240	5	0.9986
Chr2A	288400047	290885926	Chr2A	289827589	292415702	5	0.9966000000000002
Chr2A	293418889	298305444	Chr2A	294924204	299761705	7	0.9907142857142858
Chr2A	301588230	310989480	Chr2A	302080910	312987252	11	0.9976363636363635
Chr2A	313973952	315420835	Chr2A	315961677	317413075	3	0.9973333333333333
Chr2A	317579841	319393694	Chr2A	320922294	322813369	3	0.9896666666666668
Chr2A	322290657	328918706	Chr2A	325654996	332383326	12	0.9946666666666667
Chr2A	333879690	341776760	Chr2A	335960380	343880629	26	0.9927692307692308
Chr2A	344692562	366697851	Chr2A	351593901	373802808	34	0.9965
Chr2A	368718225	399870506	Chr2A	375195263	405685188	100	0.9955499999999999
Chr2A	404353227	404817648	Chr2A	410138831	410330387	3	0.9943333333333334
Chr2A	409607272	490304153	Chr2A	415292095	496320458	270	0.9969037037037036
Chr2A	492634434	551591979	Chr2A	498637754	556448837	315	0.9961111111111111
Chr2A	553651491	785506785	Chr2A	558501231	790131622	2467	0.995193352249696
