cs_chr	cs_start	cs_end	JIN50_tgt_chr	JIN50_tgt_start	JIN50_tgt_end	n_anchors	mean_identity
Chr3A	7236006	140281429	Chr3A	273424	133709717	1361	0.9955444526083764
Chr3A	142385461	192745740	Chr3A	135810096	185737114	215	0.9984186046511628
Chr3A	195861474	263087799	Chr3A	188841254	256681890	205	0.9995121951219512
Chr3A	270762150	278734659	Chr3A	264276059	272241418	12	0.9978333333333332
Chr3A	280899243	284859700	Chr3A	274416126	278320668	6	0.9995
Chr3A	286968946	294756278	Chr3A	280444797	288204768	7	0.9998571428571428
Chr3A	300173801	305236714	Chr3A	294283206	299304169	6	0.999
Chr3A	307569651	328087198	Chr3A	301642821	322062612	26	0.999653846153846
Chr3A	331805909	349096037	Chr3A	329311332	346464010	30	0.9991
Chr3A	351562540	354510700	Chr3A	348853406	351787495	8	0.99975
Chr3A	357146906	360275758	Chr3A	354432208	357555222	6	0.9998333333333336
Chr3A	362401176	754027567	Chr3A	359658781	755003641	3106	0.9974671603348356
