cs_chr	cs_start	cs_end	JIN50_tgt_chr	JIN50_tgt_start	JIN50_tgt_end	n_anchors	mean_identity
Chr4B	233162	86155240	Chr4B	263887	85783273	794	0.9958727959697733
Chr4B	88370406	155154630	Chr4B	88010014	154653467	392	0.9995025510204081
Chr4B	157172475	164642854	Chr4B	156642352	164174274	12	0.9997500000000001
Chr4B	167236891	207224234	Chr4B	166748600	206633621	179	0.9989553072625698
Chr4B	212453315	215839854	Chr4B	211808677	215195171	21	0.9993333333333334
Chr4B	294688008	296591676	Chr4B	307302620	309201893	4	1.0
Chr4B	299196258	300568638	Chr4B	302315595	304682603	4	1.0
Chr4B	357330117	428374125	Chr4B	374973482	447407887	342	0.9998274853801169
Chr4B	430804721	673727606	Chr4B	449810656	699629344	1838	0.997037540805223
