cs_chr	cs_start	cs_end	JIN50_tgt_chr	JIN50_tgt_start	JIN50_tgt_end	n_anchors	mean_identity
Chr4A	54084528	57795798	Chr4A	62474577	66276609	19	0.996315789473684
Chr4A	75809354	78736365	Chr4A	66578128	69561778	19	0.996842105263158
Chr4A	64962344	70298466	Chr4A	75060050	80352430	39	0.9934871794871796
Chr4A	255891836	264172555	Chr4A	299739750	307977100	14	0.9993571428571429
Chr4A	266692038	291455005	Chr4A	245277920	326881090	37	0.9987297297297298
Chr4A	293591696	312125594	Chr4A	255380549	273915284	26	0.9995384615384615
Chr4A	317950774	326248331	Chr4A	279716125	288016554	54	0.9991296296296297
Chr4A	81328	52597423	Chr4A	118235	52123333	565	0.9971061946902655
Chr4A	58091747	62581362	Chr4A	57576739	62157725	46	0.9947608695652174
Chr4A	70786719	75430558	Chr4A	69919626	74579884	37	0.993189189189189
Chr4A	81244931	130332624	Chr4A	80721065	129803040	280	0.9954714285714285
Chr4A	132517055	192330869	Chr4A	131863199	191461846	261	0.9985517241379309
Chr4A	194997349	219652885	Chr4A	194127800	218710134	45	0.9993777777777778
Chr4A	221731546	222175913	Chr4A	220787753	221249005	3	1.0
Chr4A	224910983	226677182	Chr4A	223973122	225733169	4	0.99975
Chr4A	229114346	242431315	Chr4A	228157668	241562797	21	0.999904761904762
Chr4A	328283933	333487928	Chr4A	328329565	333525659	6	0.9994999999999999
Chr4A	337968373	349413639	Chr4A	337993792	349307627	22	0.999909090909091
Chr4A	351426691	353020297	Chr4A	351441563	353035043	4	0.99975
Chr4A	355676988	358739297	Chr4A	355686366	358728364	6	0.9996666666666667
Chr4A	361169426	364704441	Chr4A	361158723	364714735	5	1.0
Chr4A	372955440	386206032	Chr4A	374571486	387772264	15	0.9996000000000002
Chr4A	388345576	389986218	Chr4A	389902530	391527457	3	1.0
Chr4A	394095303	397542408	Chr4A	395635194	399078156	6	1.0
Chr4A	399782828	400323386	Chr4A	401286402	401837491	3	0.999
Chr4A	406605144	419576751	Chr4A	408078140	420936556	17	0.9996470588235294
Chr4A	421807811	507495678	Chr4A	423165935	508443736	417	0.9982062350119906
Chr4A	509609425	641040255	Chr4A	510554492	643322972	1492	0.9979356568364611
Chr4A	664152825	668520634	Chr4A	663428781	668345877	34	0.9871764705882353
Chr4A	688562054	691306039	Chr4A	692611364	695258268	17	0.9997058823529412
Chr4A	713188268	715526314	Chr4A	714411018	717994721	42	0.9834047619047619
Chr4A	724235066	725106490	Chr4A	725149034	726319402	15	0.9811333333333334
Chr4A	739853142	742007104	Chr4A	736909209	738597262	15	0.9848666666666667
