cs_chr	cs_start	cs_end	JIN50_tgt_chr	JIN50_tgt_start	JIN50_tgt_end	n_anchors	mean_identity
Chr5D	140268884	143714900	Chr5D	145757733	149182186	4	1.0
Chr5D	151476064	185711594	Chr5D	156644322	190965838	58	0.9993448275862069
Chr5D	191739975	196532049	Chr5D	198734511	203513360	23	0.9987826086956523
Chr5D	199741740	569782173	Chr5D	206711764	579634296	4281	0.9992001868722261
