cs_chr	cs_start	cs_end	JIN50_tgt_chr	JIN50_tgt_start	JIN50_tgt_end	n_anchors	mean_identity
Chr6A	3495564	8175107	Chr6A	4570262	8410097	52	0.9769423076923076
Chr6A	12818581	165560133	Chr6A	14222606	166695008	1276	0.9925297805642633
Chr6A	169123596	174751019	Chr6A	170242698	175862174	30	0.9997666666666667
Chr6A	177010402	237636332	Chr6A	178119712	238509285	204	0.9995098039215685
Chr6A	243810148	244731119	Chr6A	244665004	245580824	3	1.0
Chr6A	251103689	255370132	Chr6A	251972685	256218752	8	1.0
Chr6A	257566273	264313435	Chr6A	258399112	265131235	21	0.9998095238095239
Chr6A	266482395	275860435	Chr6A	267307317	276805532	22	0.9998636363636364
Chr6A	278883582	290338890	Chr6A	280511689	291876959	15	0.9998666666666668
Chr6A	293863739	319731587	Chr6A	295838853	322670062	29	0.9997586206896553
Chr6A	323819925	326827584	Chr6A	326743534	329715669	8	0.99975
Chr6A	328915123	332571498	Chr6A	331803518	335448908	6	1.0
Chr6A	334687288	346665213	Chr6A	337560050	349479527	16	0.9996875000000001
Chr6A	349035941	349057392	Chr6A	351853164	351874615	3	1.0
Chr6A	354380382	355885891	Chr6A	357176260	358678443	4	0.9984999999999999
Chr6A	357954045	528672379	Chr6A	360733295	530766894	861	0.9988548199767712
Chr6A	531482801	622584375	Chr6A	530799324	624755383	1165	0.9945785407725322
