cs_chr	cs_start	cs_end	JIN50_tgt_chr	JIN50_tgt_start	JIN50_tgt_end	n_anchors	mean_identity
Chr7A	243712	74955432	Chr7A	6618839	81830487	892	0.9910818385650224
Chr7A	77011021	316231457	Chr7A	84319403	324525367	1561	0.9955682254964764
Chr7A	318780197	341203170	Chr7A	327011435	349722225	31	0.9957096774193548
Chr7A	343949781	364830171	Chr7A	352557094	373864341	51	0.9956274509803922
Chr7A	367537951	383113286	Chr7A	378752499	394149975	21	0.9988571428571428
Chr7A	387803656	391786006	Chr7A	398479221	402924679	8	0.997125
Chr7A	396497557	691651898	Chr7A	408079414	705623586	1917	0.9983761085028692
Chr7A	693676289	744483656	Chr7A	708320689	762190442	637	0.9949450549450548
