cs_chr	cs_start	cs_end	JIN50_tgt_chr	JIN50_tgt_start	JIN50_tgt_end	n_anchors	mean_identity
Chr7D	10357448	282517414	Chr7D	11115976	292169083	2519	0.9991889638745532
Chr7D	284804194	287605519	Chr7D	294494854	297340289	5	0.9956
Chr7D	289812212	308999203	Chr7D	299543445	321604286	40	0.99975
Chr7D	311331614	315519045	Chr7D	323934846	328092499	11	0.9977272727272728
Chr7D	320605710	323749465	Chr7D	330240606	333380160	6	1.0
Chr7D	326109003	342132821	Chr7D	335742411	351438029	19	0.9997894736842108
Chr7D	344251962	642831662	Chr7D	353495262	658570435	2544	0.9994099842767294
