cs_chr	cs_start	cs_end	JIN50_tgt_chr	JIN50_tgt_start	JIN50_tgt_end	n_anchors	mean_identity
Chr7B	34602	183070778	Chr7B	45754	183075267	1337	0.9960583395661928
Chr7B	185568431	270327906	Chr7B	185534616	269930632	382	0.9988638743455496
Chr7B	275290836	279527272	Chr7B	274937763	279137453	8	0.999875
Chr7B	283870188	293144785	Chr7B	284194051	293388110	16	0.9974375
Chr7B	295582888	302102253	Chr7B	295806415	302301783	11	0.9997272727272728
Chr7B	305617144	309173262	Chr7B	304034821	307582403	7	0.9992857142857144
Chr7B	311571913	321770729	Chr7B	315913880	325715011	19	0.9997368421052631
Chr7B	343118388	344172727	Chr7B	340341802	341381356	5	1.0
Chr7B	368970531	393308791	Chr7B	367846651	392941532	122	0.9987459016393444
Chr7B	396179589	410599513	Chr7B	395808243	409801609	52	0.9998269230769232
Chr7B	413179671	423778078	Chr7B	412377605	422943478	45	0.999488888888889
Chr7B	425791676	545780843	Chr7B	424927695	545543054	780	0.9992858974358976
Chr7B	547795684	756980467	Chr7B	547539001	756415554	1584	0.9929419191919192
Chr7B	761472082	763842288	Chr7B	756918366	759901267	25	0.96312
