cs_chr	cs_start	cs_end	SY_Mattis_tgt_chr	SY_Mattis_tgt_start	SY_Mattis_tgt_end	n_anchors	mean_identity
Chr1D	21205	171916820	Chr1D	80556	166578228	1238	0.9974943457189016
Chr1D	176978740	244077016	Chr1D	168486800	235306423	328	0.9995884146341464
Chr1D	246590066	265739242	Chr1D	237792635	256901084	207	0.9995555555555556
Chr1D	268196572	498608479	Chr1D	259360601	486202501	2545	0.9991194499017682
