cs_chr	cs_start	cs_end	tgt_chr	tgt_start	tgt_end	n_anchors	mean_identity
Chr2D	84238	215062920	Chr2D	80176	213123338	2205	0.9982285714285715
Chr2D	217854985	226021304	Chr2D	215910117	224033894	13	0.9996153846153847
Chr2D	228439393	238204054	Chr2D	226434268	236159149	10	0.9998000000000001
Chr2D	240232637	259978877	Chr2D	238171491	257676037	32	1.0
Chr2D	263858571	270527810	Chr2D	258311451	264959996	14	0.9997142857142858
Chr2D	273178435	283308056	Chr2D	267573295	280924194	30	0.9989
Chr2D	285583565	585491019	Chr2D	283200701	581788341	2206	0.9977475067996373
Chr2D	587518411	656399205	Chr2D	582341013	655211391	934	0.9858982869379016
