cs_chr	cs_start	cs_end	SY_Mattis_tgt_chr	SY_Mattis_tgt_start	SY_Mattis_tgt_end	n_anchors	mean_identity
Chr5D	930993	143714900	Chr5D	1748539	144199817	1100	0.9985527272727271
Chr5D	151476064	185711594	Chr5D	150888879	185032643	58	0.9995172413793104
Chr5D	191739975	196532049	Chr5D	191131639	195911180	23	0.9963043478260869
Chr5D	199741740	569782173	Chr5D	199119300	566120402	4199	0.9983062633960467
