cs_chr	cs_start	cs_end	tgt_chr	tgt_start	tgt_end	n_anchors	mean_identity
Chr7A	239033	74955432	Chr7A	238899	70013673	890	0.9923943820224719
Chr7A	77011021	149795904	Chr7A	72215499	144590683	683	0.9965797950219619
Chr7A	160757705	164867228	Chr7A	156266126	161008177	33	0.9908787878787878
Chr7A	178002849	316231457	Chr7A	172537023	310665260	688	0.9976874999999998
Chr7A	318780197	364830171	Chr7A	313141248	359232539	84	0.9986785714285714
Chr7A	367537951	393376082	Chr7A	363979043	389760702	38	0.9997894736842108
Chr7A	396497557	743187258	Chr7A	392889454	735365740	2504	0.996313498402556
