cs_chr	cs_start	cs_end	Fielder_tgt_chr	Fielder_tgt_start	Fielder_tgt_end	n_anchors	mean_identity
Chr1D	29944	171916820	Chr1D	258633	172084490	1281	0.9980733801717407
Chr1D	176978740	244077016	Chr1D	177092397	243950827	329	0.9994407294832828
Chr1D	246590066	265739242	Chr1D	246458703	265572607	208	0.9997451923076923
Chr1D	268196572	476632120	Chr1D	268031900	479121453	2156	0.9993000927643785
Chr1D	484803443	489580275	Chr1D	488304536	493070262	99	0.9996868686868686
