cs_chr	cs_start	cs_end	Fielder_tgt_chr	Fielder_tgt_start	Fielder_tgt_end	n_anchors	mean_identity
Chr5D	3028409	6015245	Chr5D	190625	3177553	89	0.9994719101123596
Chr5D	6844363	19135368	Chr5D	6901888	19265340	93	0.9989677419354839
Chr5D	298647	2815209	Chr5D	3913605	6861141	30	0.9982666666666665
Chr5D	7694130	8666532	Chr5D	7913620	8884559	16	0.99375
Chr5D	20340841	143714900	Chr5D	24116789	155570881	906	0.9995761589403973
Chr5D	151476064	185711594	Chr5D	163040641	197277240	57	0.9991754385964913
Chr5D	191739975	196532049	Chr5D	202619221	207404199	22	0.9990909090909091
Chr5D	199741740	569782173	Chr5D	210605450	586212797	4225	0.9987325443786981
