cs_chr	cs_start	cs_end	Fielder_tgt_chr	Fielder_tgt_start	Fielder_tgt_end	n_anchors	mean_identity
Chr7B	34602	183070778	Chr7B	9945	181591080	1333	0.9965273818454614
Chr7B	186156096	267395127	Chr7B	184391454	264182701	365	0.9985589041095893
Chr7B	368970531	393308791	Chr7B	361173486	385847570	121	0.998801652892562
Chr7B	396179589	410599513	Chr7B	388672732	402697076	52	0.9997884615384616
Chr7B	413179671	423778078	Chr7B	405273823	415949524	45	0.9996444444444444
Chr7B	425791676	545780843	Chr7B	417940796	538335580	777	0.9985933075933076
Chr7B	547795684	673536396	Chr7B	540319899	666443644	846	0.9953735224586288
Chr7B	675822943	693512767	Chr7B	666496939	687888237	113	0.9843451327433628
Chr7B	708818006	760862477	Chr7B	696377659	750018932	457	0.9888533916849016
