cs_chr	cs_start	cs_end	Fielder_tgt_chr	Fielder_tgt_start	Fielder_tgt_end	n_anchors	mean_identity
Chr7D	210218	279671034	Chr7D	682215	286878058	2629	0.998422213769494
Chr7D	284804194	287605519	Chr7D	288676373	291521842	5	0.9958
Chr7D	289812212	308999203	Chr7D	293725600	317155375	40	0.9997250000000001
Chr7D	311331614	315519045	Chr7D	319486927	323662644	11	0.9977272727272727
Chr7D	320605710	323749465	Chr7D	325806232	329070094	6	1.0
Chr7D	326109003	342132821	Chr7D	331440472	347374138	19	0.9990526315789473
Chr7D	344251962	642831662	Chr7D	349431510	652971428	2530	0.9993245059288538
