cs_chr	cs_start	cs_end	Fielder_tgt_chr	Fielder_tgt_start	Fielder_tgt_end	n_anchors	mean_identity
Chr7A	239033	4448046	Chr7A	2348746	7701984	53	0.9925471698113204
Chr7A	8066279	74955432	Chr7A	8011123	78879325	804	0.9924875621890548
Chr7A	77011021	149795904	Chr7A	81378077	154530616	679	0.9970574374079528
Chr7A	161151185	166120232	Chr7A	166497456	170904130	29	0.9905517241379312
Chr7A	176812931	316231457	Chr7A	182407958	321938252	688	0.997873546511628
Chr7A	318780197	364830171	Chr7A	324422544	370792732	85	0.9994588235294116
Chr7A	367537951	393376082	Chr7A	375950990	403446279	38	0.9997894736842108
Chr7A	396497557	744483656	Chr7A	406566614	758895164	2555	0.9970266144814092
