cs_chr	cs_start	cs_end	MOV_tgt_chr	MOV_tgt_start	MOV_tgt_end	n_anchors	mean_identity
Chr1D	111760	13041934	Chr1D	38373	13326824	309	0.997673139158576
Chr1D	27548012	47322281	Chr1D	14298575	33664433	166	0.9922349397590362
Chr1D	130307659	169063458	Chr1D	90624378	129137329	99	0.9995252525252526
Chr1D	174112790	241478197	Chr1D	134173677	200204415	326	0.9996871165644172
Chr1D	243970232	263198593	Chr1D	202712224	221830627	206	0.9998009708737864
Chr1D	265672658	367916828	Chr1D	224289739	328437010	808	0.9994814356435644
Chr1D	375102464	375990734	Chr1D	330024666	330906793	8	0.9998750000000001
Chr1D	386422286	431519952	Chr1D	331091322	376991596	502	0.9962231075697212
Chr1D	436604297	485561111	Chr1D	377227367	426217995	849	0.997962308598351
