cs_chr	cs_start	cs_end	MOV_tgt_chr	MOV_tgt_start	MOV_tgt_end	n_anchors	mean_identity
Chr7D	210218	53792567	Chr7D	409999	60727258	841	0.9990451843043995
Chr7D	58482469	62158661	Chr7D	60790660	64420680	64	0.996953125
Chr7D	64467483	76785337	Chr7D	64444484	76716524	155	0.9978387096774195
Chr7D	79318719	249791350	Chr7D	76730115	247846653	1328	0.9992243975903614
Chr7D	301328176	307163278	Chr7D	292396511	298181967	21	0.9998571428571429
Chr7D	309504249	313709460	Chr7D	300513475	304692274	11	1.0
Chr7D	427622428	437642139	Chr7D	429640555	440557709	63	0.9998253968253968
Chr7D	445119404	611168607	Chr7D	440693793	609422343	1517	0.9985181278839815
Chr7D	614059594	638667898	Chr7D	610250185	635071191	363	0.999465564738292
