cs_chr	cs_start	cs_end	Attraktion_tgt_chr	Attraktion_tgt_start	Attraktion_tgt_end	n_anchors	mean_identity
Chr1D	21205	171916820	Chr1D	110793	171203115	1257	0.997950676213206
Chr1D	176978740	244077016	Chr1D	173142937	240014690	330	0.9991939393939396
Chr1D	246590066	265739242	Chr1D	242517164	261621090	206	0.9997475728155342
Chr1D	268196572	498608479	Chr1D	264077869	495800788	2521	0.9985481951606504
