cs_chr	cs_start	cs_end	Attraktion_tgt_chr	Attraktion_tgt_start	Attraktion_tgt_end	n_anchors	mean_identity
Chr5D	298647	4215269	Chr5D	2209888	6119458	54	0.9985925925925927
Chr5D	6844363	143714900	Chr5D	6569440	151833466	1005	0.9993502487562189
Chr5D	151476064	185711594	Chr5D	159268116	193514761	58	0.9992241379310345
Chr5D	191739975	196532049	Chr5D	201427829	206197021	22	0.9988181818181818
Chr5D	199741740	569782173	Chr5D	209399188	583932076	4182	0.9986288857006218
