cs_chr	cs_start	cs_end	Attraktion_tgt_chr	Attraktion_tgt_start	Attraktion_tgt_end	n_anchors	mean_identity
Chr7D	210218	16730584	Chr7D	47561	17225287	273	0.9992307692307691
Chr7D	19107355	282517414	Chr7D	17323777	282861401	2314	0.9990557476231634
Chr7D	289812212	308999203	Chr7D	290192748	312239006	40	0.999675
Chr7D	311331614	315519045	Chr7D	314570517	318747079	11	0.9975454545454544
Chr7D	320605710	323749465	Chr7D	320918111	324058098	6	1.0
Chr7D	326109003	342132821	Chr7D	326433212	342336522	19	0.9997368421052631
Chr7D	344251962	642831662	Chr7D	344393926	643870296	2524	0.9992662440570524
