cs_chr	cs_start	cs_end	Attraktion_tgt_chr	Attraktion_tgt_start	Attraktion_tgt_end	n_anchors	mean_identity
Chr7A	239033	74955432	Chr7A	300323	75031827	823	0.990599027946537
Chr7A	77011021	316231457	Chr7A	78004469	314594269	1541	0.995680077871512
Chr7A	318780197	364830171	Chr7A	316792219	362998346	84	0.9994285714285716
Chr7A	367537951	393376082	Chr7A	367476794	394966916	38	0.9997105263157898
Chr7A	396497557	632839019	Chr7A	398087207	636017442	1311	0.9962517162471394
Chr7A	634937911	744483656	Chr7A	636493262	748743229	1111	0.9911098109810982
