cs_chr	cs_start	cs_end	Mace_tgt_chr	Mace_tgt_start	Mace_tgt_end	n_anchors	mean_identity
Chr1D	29944	171916820	Chr1D	137330	167317076	1238	0.9961163166397417
Chr1D	176978740	244077016	Chr1D	172292311	239045239	326	0.9995184049079754
Chr1D	246590066	265739242	Chr1D	241519539	260521684	192	0.9991979166666668
Chr1D	268196572	498608479	Chr1D	262983494	490790042	2546	0.999046347211312
