cs_chr	cs_start	cs_end	Mace_tgt_chr	Mace_tgt_start	Mace_tgt_end	n_anchors	mean_identity
Chr2D	84238	215062920	Chr2D	82407	211998209	2226	0.9987946990116802
Chr2D	217854985	226021304	Chr2D	214776381	222868053	13	0.9996153846153847
Chr2D	228439393	238204054	Chr2D	225282039	235001682	10	0.9983000000000001
Chr2D	240232637	259978877	Chr2D	237018882	256526570	32	0.9999375
Chr2D	263858571	270527810	Chr2D	257151824	263785386	14	0.9997857142857144
Chr2D	273178435	283308056	Chr2D	266377367	279641606	24	0.9985833333333334
Chr2D	285583565	642160966	Chr2D	281914594	636168592	3147	0.9987225929456626
Chr2D	644368440	656388761	Chr2D	636209380	647888660	218	0.9958119266055047
