cs_chr	cs_start	cs_end	Mace_tgt_chr	Mace_tgt_start	Mace_tgt_end	n_anchors	mean_identity
Chr5D	298647	143714900	Chr5D	394787	146101008	1122	0.999313725490196
Chr5D	151476064	185711594	Chr5D	150077321	184142549	58	0.9992241379310344
Chr5D	191739975	196532049	Chr5D	191842915	196342399	21	0.9994761904761904
Chr5D	199741740	569782173	Chr5D	199534907	567013696	4230	0.9986633569739952
