cs_chr	cs_start	cs_end	Mace_tgt_chr	Mace_tgt_start	Mace_tgt_end	n_anchors	mean_identity
Chr7D	210218	282517414	Chr7D	123704	281720059	2687	0.9987231112765166
Chr7D	284804194	287605519	Chr7D	283960914	286798003	5	0.9958
Chr7D	289812212	308999203	Chr7D	289005351	310979258	40	0.999725
Chr7D	311331614	315519045	Chr7D	313303423	317477783	11	0.9977272727272728
Chr7D	320605710	323749465	Chr7D	319643910	322642785	6	1.0
Chr7D	326109003	342132821	Chr7D	324998989	340862656	19	0.9996315789473684
Chr7D	344251962	641749132	Chr7D	342905658	636651530	2468	0.9990806320907618
