cs_chr	cs_start	cs_end	Stanley_tgt_chr	Stanley_tgt_start	Stanley_tgt_end	n_anchors	mean_identity
Chr1D	85144	169063458	Chr1D	79399	170656576	1219	0.996611156685808
Chr1D	174112790	241478197	Chr1D	172742386	240196976	326	0.9993067484662577
Chr1D	243970232	263198593	Chr1D	242697106	261880457	207	0.9995507246376812
Chr1D	265672658	495423156	Chr1D	264354088	495628370	2524	0.998469096671949
