cs_chr	cs_start	cs_end	Stanley_tgt_chr	Stanley_tgt_start	Stanley_tgt_end	n_anchors	mean_identity
Chr1A	55218	21085730	Chr1A	566091	21344544	298	0.9896208053691274
Chr1A	28362791	159522669	Chr1A	22085368	155020575	783	0.9977535121328225
Chr1A	161671479	177432536	Chr1A	157200826	172957500	29	0.9995172413793104
Chr1A	179530042	182122609	Chr1A	175020375	177612213	6	0.9996666666666667
Chr1A	184934985	193518233	Chr1A	180450478	189021569	12	0.9998333333333335
Chr1A	200578799	202086777	Chr1A	196210361	197708768	4	1.0
Chr1A	204319371	209358469	Chr1A	199958764	205001961	7	0.9995714285714286
Chr1A	212017564	410154980	Chr1A	207688542	411123193	913	0.9961861993428259
Chr1A	412224586	420515127	Chr1A	413549187	422187577	23	0.9947826086956519
Chr1A	423163477	588119131	Chr1A	424009111	591254159	1833	0.9950141843971632
