cs_chr	cs_start	cs_end	Stanley_tgt_chr	Stanley_tgt_start	Stanley_tgt_end	n_anchors	mean_identity
Chr2D	34213	212930092	Chr2D	83449	216591802	2221	0.9987303016659164
Chr2D	215731966	223908849	Chr2D	219393111	227502754	13	0.9996153846153847
Chr2D	226334565	236124178	Chr2D	229913751	239715656	10	0.9989000000000001
Chr2D	238162860	265066747	Chr2D	241743091	268762174	45	0.9998888888888889
Chr2D	267698311	280652282	Chr2D	271449214	285141838	32	0.99940625
Chr2D	282927919	361403436	Chr2D	287414804	365891454	381	0.9990393700787402
Chr2D	363970774	636190529	Chr2D	368472983	643311935	2688	0.9987630208333333
Chr2D	641896218	646787971	Chr2D	645720578	650655574	119	0.9981596638655462
