cs_chr	cs_start	cs_end	Stanley_tgt_chr	Stanley_tgt_start	Stanley_tgt_end	n_anchors	mean_identity
Chr3A	16208	128718501	Chr3A	196691	138831484	1312	0.9948574695121952
Chr3A	130835529	181088605	Chr3A	140958322	190860662	215	0.9978790697674419
Chr3A	184214632	251342423	Chr3A	193998451	261243839	203	0.9995369458128079
Chr3A	259064196	267056348	Chr3A	268936826	276942841	12	0.9976666666666668
Chr3A	269215500	273159995	Chr3A	279136129	283076701	6	0.9991666666666666
Chr3A	275284207	283103162	Chr3A	285231598	293004378	7	0.9998571428571428
Chr3A	288539387	293589663	Chr3A	299062211	304111705	6	0.9958333333333335
Chr3A	295949198	314620161	Chr3A	306466308	325157846	24	0.9997083333333334
Chr3A	321109384	337881732	Chr3A	333919390	351480276	29	0.9969310344827587
Chr3A	340259729	343231466	Chr3A	353895475	356842174	8	0.99625
Chr3A	345871376	349014829	Chr3A	359520887	362648351	6	0.9998333333333335
Chr3A	352872143	528599904	Chr3A	366526481	542129703	849	0.9980836277974088
Chr3A	535218034	545153837	Chr3A	542250070	552442206	51	0.9942549019607844
Chr3A	556260652	750711436	Chr3A	559485581	759261841	2079	0.996037037037037
