cs_chr	cs_start	cs_end	Stanley_tgt_chr	Stanley_tgt_start	Stanley_tgt_end	n_anchors	mean_identity
Chr6A	57605	162912229	Chr6A	100654	164596438	1462	0.994517099863201
Chr6A	166503285	172174207	Chr6A	168176098	173858089	30	0.9972333333333334
Chr6A	174450789	233813487	Chr6A	176128154	235346380	202	0.9987326732673267
Chr6A	241266065	242194840	Chr6A	242643550	243484050	3	0.9946666666666667
Chr6A	248542355	252837117	Chr6A	249813001	254063133	8	0.9975
Chr6A	254937051	261705155	Chr6A	256258625	262737449	21	0.9943809523809525
Chr6A	263891514	273262995	Chr6A	264944452	274541359	21	0.9926666666666667
Chr6A	276303162	290261504	Chr6A	277681910	293633380	18	0.9978888888888888
Chr6A	297672165	317154843	Chr6A	301367921	321229494	22	0.9942727272727272
Chr6A	321270304	324290097	Chr6A	325384869	328375789	8	0.9974999999999999
Chr6A	326393120	330049812	Chr6A	330518815	334154281	6	0.997
Chr6A	332183472	344185082	Chr6A	336213974	348619293	16	0.9933749999999999
Chr6A	346572929	346594380	Chr6A	351033688	351057920	3	0.9986666666666667
Chr6A	351830716	353340072	Chr6A	356441782	357937290	4	0.99775
Chr6A	355403353	408043029	Chr6A	359914524	412043705	143	0.9978741258741256
Chr6A	422285828	426635328	Chr6A	425535202	429709018	16	0.9955
Chr6A	439667939	526163009	Chr6A	442916128	529510165	591	0.9981319796954314
Chr6A	528356098	575298230	Chr6A	531693966	578994539	453	0.9970132450331126
Chr6A	577723597	617928339	Chr6A	580558718	623726218	637	0.991822605965463
Chr6A	409083846	421773576	Chr6A	430206631	442622479	49	0.996081632653061
Chr6A	426954417	439297571	Chr6A	413166575	425244957	52	0.9963846153846153
Chr6A	613237431	614163774	Chr6A	624179302	625534336	30	0.9723666666666666
