cs_chr	cs_start	cs_end	Stanley_tgt_chr	Stanley_tgt_start	Stanley_tgt_end	n_anchors	mean_identity
Chr7A	1844767	4686634	Chr7A	11013946	13870666	66	0.9946666666666666
Chr7A	9719856	11311351	Chr7A	5178917	5995679	15	0.9627333333333331
Chr7A	146678066	156319510	Chr7A	163713818	174166944	71	0.9957746478873238
Chr7A	160992235	171949346	Chr7A	147047346	158261650	95	0.9949999999999999
Chr7A	211205518	211732393	Chr7A	161043130	161609901	16	0.9885625
Chr7A	239629	1745631	Chr7A	2949320	4324106	27	0.9962962962962963
Chr7A	4743877	9691606	Chr7A	6010937	10950120	67	0.9775820895522389
Chr7A	14618995	71670370	Chr7A	13900269	72452593	687	0.9940000000000001
Chr7A	73730871	146026136	Chr7A	74055368	146309785	686	0.9965772594752187
Chr7A	156549988	159730736	Chr7A	158275511	163484962	16	0.9945625
Chr7A	171535728	311914665	Chr7A	174961079	313436143	682	0.997407624633431
Chr7A	314415263	356369547	Chr7A	315937976	357948235	81	0.998641975308642
Chr7A	359051136	360613751	Chr7A	360606409	362219601	3	0.999
Chr7A	362739671	388772773	Chr7A	367479950	393382743	36	0.9995555555555556
Chr7A	391904207	531732049	Chr7A	396478180	537431999	596	0.9980302013422819
Chr7A	549717242	554501854	Chr7A	554719067	559490564	26	0.9996153846153847
Chr7A	571271746	736698014	Chr7A	577781065	742878236	1587	0.9944933837429112
Chr7A	532469837	549529634	Chr7A	559678483	576972793	167	0.9981377245508983
Chr7A	554852568	570175328	Chr7A	538851997	554357953	137	0.9988102189781021
