cs_chr	cs_start	cs_end	Paragon_v3_tgt_chr	Paragon_v3_tgt_start	Paragon_v3_tgt_end	n_anchors	mean_identity
Chr1D	85144	169063458	Chr1D	100947	171553058	1248	0.9958509615384616
Chr1D	174112790	241478197	Chr1D	176596195	243470234	334	0.9996736526946106
Chr1D	243970232	263198593	Chr1D	245972606	265084431	208	0.9997884615384616
Chr1D	265672658	495423156	Chr1D	267543639	499311299	2534	0.9985485398579321
