cs_chr	cs_start	cs_end	Paragon_v3_tgt_chr	Paragon_v3_tgt_start	Paragon_v3_tgt_end	n_anchors	mean_identity
Chr4B	234405	83143343	Chr4B	262795	86235531	780	0.9958358974358974
Chr4B	85363222	152088859	Chr4B	88462263	155119865	390	0.9996025641025642
Chr4B	154112314	161625531	Chr4B	157118783	165766039	12	0.9996666666666667
Chr4B	163837175	201772039	Chr4B	168398335	208365482	179	0.999558659217877
Chr4B	214925332	218582903	Chr4B	220165762	223783895	6	1.0
Chr4B	295046802	296948857	Chr4B	299499705	301397538	3	1.0
Chr4B	357909130	429353205	Chr4B	362505534	435949001	341	0.999633431085044
Chr4B	431793129	673534850	Chr4B	438358620	687063392	1806	0.9962707641196014
