cs_chr	cs_start	cs_end	Paragon_v3_tgt_chr	Paragon_v3_tgt_start	Paragon_v3_tgt_end	n_anchors	mean_identity
Chr5D	6384711	7016867	Chr5D	4445470	5072929	14	0.9998571428571429
Chr5D	95790	142906633	Chr5D	563425	153144563	1115	0.9995300448430494
Chr5D	150833053	185200167	Chr5D	160616820	194928314	57	0.9985263157894736
Chr5D	187947173	193635424	Chr5D	196927683	206939786	24	0.996375
Chr5D	196853980	564587624	Chr5D	210132482	585934793	4165	0.9983596638655461
Chr5D	564749882	565976360	Chr5D	577693848	578894835	34	0.9996764705882354
