cs_chr	cs_start	cs_end	Paragon_v3_tgt_chr	Paragon_v3_tgt_start	Paragon_v3_tgt_end	n_anchors	mean_identity
Chr7A	239629	71670370	Chr7A	245804	76437271	898	0.9932694877505567
Chr7A	73730871	146026136	Chr7A	78912343	153750998	683	0.9953850658857979
Chr7A	157170800	162778703	Chr7A	163975803	170313807	30	0.9953666666666667
Chr7A	171535728	311914665	Chr7A	181848079	321430527	687	0.9977321688500728
Chr7A	314415263	356369547	Chr7A	323916493	366383050	81	0.9987777777777778
Chr7A	359051136	360613751	Chr7A	369009423	370531782	3	0.999
Chr7A	362739671	374550194	Chr7A	375037083	386645391	14	0.9992142857142857
Chr7A	376613612	388772773	Chr7A	388685347	402569053	23	0.9998695652173913
Chr7A	391904207	736698014	Chr7A	405689894	759349862	2526	0.9957090261282661
