cs_chr	cs_start	cs_end	Sumai3_tgt_chr	Sumai3_tgt_start	Sumai3_tgt_end	n_anchors	mean_identity
Chr1D	21205	171916820	Chr1D	1705293	173505572	1291	0.9978628969790859
Chr1D	176978740	244077016	Chr1D	178502514	245396576	331	0.9995981873111781
Chr1D	246590066	265739242	Chr1D	247888261	267003275	210	0.9997904761904761
Chr1D	268196572	498608479	Chr1D	269458842	502391383	2557	0.9993590144700821
