cs_chr	cs_start	cs_end	Sumai3_tgt_chr	Sumai3_tgt_start	Sumai3_tgt_end	n_anchors	mean_identity
Chr2D	84238	215062920	Chr2D	561420	218056376	2261	0.9989601946041574
Chr2D	217854985	226021304	Chr2D	220824719	228942177	13	0.9998461538461539
Chr2D	228439393	238204054	Chr2D	231358726	241085059	10	0.9999
Chr2D	240232637	259978877	Chr2D	243106012	262743145	32	0.9999375
Chr2D	263858571	270527810	Chr2D	263375789	270034139	14	1.0
Chr2D	273178435	283308056	Chr2D	272651182	285864608	31	0.9988387096774193
Chr2D	285583565	646828506	Chr2D	288129940	650846188	3240	0.9987478395061729
Chr2D	649048230	653257475	Chr2D	654159536	658391873	66	0.9938181818181818
