cs_chr	cs_start	cs_end	Sumai3_tgt_chr	Sumai3_tgt_start	Sumai3_tgt_end	n_anchors	mean_identity
Chr5A	14293	62409843	Chr5A	21316	65042431	554	0.9984115523465704
Chr5A	65256920	152899436	Chr5A	67902889	155388507	406	0.9995147783251231
Chr5A	156754150	160718182	Chr5A	159242350	163376312	12	1.0
Chr5A	163084098	182449906	Chr5A	165735905	184988976	37	0.9999459459459461
Chr5A	184871905	187078746	Chr5A	187405518	189605439	4	1.0
Chr5A	192446609	200581324	Chr5A	194946321	203050954	16	0.9999375
Chr5A	204816399	224020772	Chr5A	207277148	226451293	33	0.9995757575757577
Chr5A	226098410	251028605	Chr5A	228524621	255651741	62	0.9999354838709676
Chr5A	254547841	713328361	Chr5A	259246113	720425422	4161	0.9976952655611632
