cs_chr	cs_start	cs_end	Sumai3_tgt_chr	Sumai3_tgt_start	Sumai3_tgt_end	n_anchors	mean_identity
Chr7A	239033	74955432	Chr7A	307256	76307409	879	0.9916245733788396
Chr7A	77011021	149795904	Chr7A	79253812	153006167	685	0.9967620437956204
Chr7A	160980203	166120232	Chr7A	164972719	169490033	30	0.9905333333333332
Chr7A	176812931	316231457	Chr7A	181080200	320731068	693	0.9976608946608948
Chr7A	318780197	364830171	Chr7A	323216791	369583517	84	0.9993452380952382
Chr7A	367537951	393376082	Chr7A	373674489	400671929	38	0.9988947368421054
Chr7A	396497557	744483656	Chr7A	403792716	753861634	2524	0.9966434231378763
