cs_chr	cs_start	cs_end	Landmark_tgt_chr	Landmark_tgt_start	Landmark_tgt_end	n_anchors	mean_identity
Chr1D	85144	169063458	Chr1D	105108	171374329	1214	0.9960873146622735
Chr1D	174112790	241478197	Chr1D	176433232	244755729	331	0.9996223564954685
Chr1D	243970232	263198593	Chr1D	247250186	266491910	203	0.9996059113300494
Chr1D	265672658	495408453	Chr1D	268951006	499057282	2494	0.9979899759422615
Chr1D	422055110	423058343	Chr1D	431905033	432914337	15	0.9998000000000001
Chr1D	428612767	429507084	Chr1D	425458635	426342020	7	0.9992857142857143
