cs_chr	cs_start	cs_end	Landmark_tgt_chr	Landmark_tgt_start	Landmark_tgt_end	n_anchors	mean_identity
Chr2D	34213	212930092	Chr2D	81620	215228557	2211	0.9981510628674809
Chr2D	215731966	223908849	Chr2D	218032901	226179666	13	0.9996153846153847
Chr2D	226334565	236124178	Chr2D	228594634	238342990	9	0.9988888888888889
Chr2D	238162860	265066747	Chr2D	240371203	267355463	45	0.9998888888888888
Chr2D	267698311	280652282	Chr2D	269512341	283823188	32	0.9994375
Chr2D	282927919	361403436	Chr2D	286099643	364450037	381	0.9989291338582676
Chr2D	363970774	635522009	Chr2D	367040195	639090564	2670	0.9982722846441946
Chr2D	641485524	646264222	Chr2D	644703724	649497400	112	0.999
Chr2D	650063332	650565769	Chr2D	656202431	656721678	9	0.9844444444444443
