cs_chr	cs_start	cs_end	Landmark_tgt_chr	Landmark_tgt_start	Landmark_tgt_end	n_anchors	mean_identity
Chr5D	933961	142906633	Chr5D	391141	146066277	1109	0.9991740306582507
Chr5D	150833053	185200167	Chr5D	151893906	186205364	57	0.9970701754385964
Chr5D	187947173	193635424	Chr5D	187702904	195704021	23	0.9994782608695651
Chr5D	196853980	565976360	Chr5D	198924387	570513788	4164	0.9984894332372721
