cs_chr	cs_start	cs_end	Landmark_tgt_chr	Landmark_tgt_start	Landmark_tgt_end	n_anchors	mean_identity
Chr7A	239629	71670370	Chr7A	20889	71924385	924	0.9923560606060605
Chr7A	73730871	311914665	Chr7A	73601758	311499406	1520	0.9953769736842105
Chr7A	314415263	356369547	Chr7A	314007190	355288572	79	0.9983291139240505
Chr7A	359051136	360613751	Chr7A	357956973	359560660	3	0.999
Chr7A	362739671	388772773	Chr7A	364069350	390187380	37	0.9994594594594596
Chr7A	391904207	736698014	Chr7A	393347290	740106403	2506	0.9964465283320033
