cs_chr	cs_start	cs_end	CS_v2.1_tgt_chr	CS_v2.1_tgt_start	CS_v2.1_tgt_end	n_anchors	mean_identity
Chr1D	75236	169063458	Chr1D	21205	171916820	1323	0.9993219954648527
Chr1D	174112790	241478197	Chr1D	176978740	244077016	336	0.9995476190476191
Chr1D	243970232	263198593	Chr1D	246590066	265739242	212	0.9999952830188679
Chr1D	265672658	495423156	Chr1D	268196572	498608479	2578	0.9994584949573314
