cs_chr	cs_start	cs_end	CS_v2.1_tgt_chr	CS_v2.1_tgt_start	CS_v2.1_tgt_end	n_anchors	mean_identity
Chr1A	79742	159522669	Chr1A	79742	161541694	1250	0.9996704000000002
Chr1A	161671479	177484497	Chr1A	163678239	179426534	31	0.9996129032258065
Chr1A	179530042	182122609	Chr1A	181647298	184244993	6	0.9975
Chr1A	184934985	193518233	Chr1A	187030297	195578524	12	0.9994999999999999
Chr1A	200578799	202086777	Chr1A	202719482	204217307	5	0.9987999999999999
Chr1A	204319371	209358469	Chr1A	206439950	211446295	7	1.0
Chr1A	212017564	410154980	Chr1A	214015968	411777219	946	0.999630021141649
Chr1A	412224586	593997588	Chr1A	413826758	598556974	2043	0.9996025452765541
