cs_chr	cs_start	cs_end	CS_v2.1_tgt_chr	CS_v2.1_tgt_start	CS_v2.1_tgt_end	n_anchors	mean_identity
Chr2B	10698	7161153	Chr2B	2344217	12981417	153	0.9995359477124183
Chr2B	11180525	240314058	Chr2B	13076092	248272484	2074	0.9995887174541948
Chr2B	242536523	255576141	Chr2B	250482935	263454058	96	0.999875
Chr2B	298159381	303097333	Chr2B	304188148	310240678	9	1.0
Chr2B	368614818	374265039	Chr2B	375479652	381130762	30	0.9973
Chr2B	379832912	793530997	Chr2B	388485286	803633037	3301	0.9996370796728263
Chr2B	795858036	801254636	Chr2B	804039581	810240350	81	0.9988641975308642
