cs_chr	cs_start	cs_end	CS_v2.1_tgt_chr	CS_v2.1_tgt_start	CS_v2.1_tgt_end	n_anchors	mean_identity
Chr2D	34213	212930092	Chr2D	84238	215062920	2270	0.9997114537444933
Chr2D	215731966	223908849	Chr2D	217854985	226021304	13	1.0
Chr2D	226334565	236124178	Chr2D	228439393	238204054	10	0.9995
Chr2D	238162860	265066747	Chr2D	240232637	270527810	46	1.0
Chr2D	271523364	280652282	Chr2D	274204219	283308056	29	0.9999310344827587
Chr2D	282927919	635522009	Chr2D	285583565	638960148	3120	0.9996717948717948
Chr2D	641578495	646503437	Chr2D	644650874	649566970	120	0.9999416666666666
Chr2D	635584896	641485524	Chr2D	649659719	656399205	119	0.9994873949579831
