cs_chr	cs_start	cs_end	CS_v2.1_tgt_chr	CS_v2.1_tgt_start	CS_v2.1_tgt_end	n_anchors	mean_identity
Chr5D	95790	142906633	Chr5D	298647	143714900	1137	0.999613016710642
Chr5D	150833053	185200167	Chr5D	151476064	185711594	60	0.9980499999999999
Chr5D	187947173	193635424	Chr5D	188448281	196532049	25	0.997
Chr5D	196853980	564228716	Chr5D	199741740	569875126	4279	0.9996190698761392
