cs_chr	cs_start	cs_end	CS_v2.1_tgt_chr	CS_v2.1_tgt_start	CS_v2.1_tgt_end	n_anchors	mean_identity
Chr6D	43783	46873994	Chr6D	43783	68456876	798	0.9997355889724312
Chr6D	49272122	164765103	Chr6D	69129404	186375773	883	0.9996104190260475
Chr6D	166779487	214550301	Chr6D	188380630	235958205	75	0.99888
Chr6D	216846232	227401287	Chr6D	238222872	248745870	15	0.9984
Chr6D	232122220	239805311	Chr6D	253451229	261093398	12	0.9941666666666666
Chr6D	242219199	280904417	Chr6D	263489417	302615547	145	0.9992344827586208
Chr6D	283156017	415028218	Chr6D	304859324	436495956	1036	0.99976833976834
Chr6D	417690848	473516145	Chr6D	439160889	495303957	988	0.9996487854251013
