cs_chr	cs_start	cs_end	CS_v2.1_tgt_chr	CS_v2.1_tgt_start	CS_v2.1_tgt_end	n_anchors	mean_identity
Chr7A	211205518	211732393	Chr7A	162169043	162693239	20	0.9964000000000001
Chr7A	239629	71670370	Chr7A	239033	74955432	1118	0.9992826475849731
Chr7A	73730871	311914665	Chr7A	77011021	316231457	1591	0.9996555625392834
Chr7A	314415263	356369547	Chr7A	318780197	360650910	82	0.9990243902439024
Chr7A	359051136	360613751	Chr7A	363282087	364830171	3	0.999
Chr7A	362739671	388772773	Chr7A	367538076	393376082	38	0.9996315789473685
Chr7A	391904207	736698014	Chr7A	396497557	744483656	2650	0.9996766037735849
