cs_chr	cs_start	cs_end	CS_v2.1_tgt_chr	CS_v2.1_tgt_start	CS_v2.1_tgt_end	n_anchors	mean_identity
Chr7D	210218	277735513	Chr7D	210218	279671034	2728	0.9996290322580644
Chr7D	282874482	285683864	Chr7D	284804194	287605519	5	0.9904
Chr7D	287902401	307163278	Chr7D	289812212	308999203	41	0.9989268292682928
Chr7D	309504249	321972400	Chr7D	311331614	323749465	20	0.9977499999999999
Chr7D	324339077	340299388	Chr7D	326109003	342132821	19	0.9999473684210528
Chr7D	342405820	638425547	Chr7D	344251962	641030232	2493	0.9995495387083835
