cs_chr	cs_start	cs_end	Paragon_v3_tgt_chr	Paragon_v3_tgt_start	Paragon_v3_tgt_end	n_anchors	mean_identity
Chr1D	21205	171916820	Chr1D	100947	171553058	1251	0.9961494804156674
Chr1D	176978740	244077016	Chr1D	176596195	243470234	330	0.999457575757576
Chr1D	246590066	265739242	Chr1D	245972606	265084431	209	0.9997607655502392
Chr1D	268196572	498608479	Chr1D	267543639	499311299	2530	0.9985608695652174
