cs_chr	cs_start	cs_end	Paragon_v3_tgt_chr	Paragon_v3_tgt_start	Paragon_v3_tgt_end	n_anchors	mean_identity
Chr2D	2040455	215062920	Chr2D	4991659	224757993	2154	0.9978328690807798
Chr2D	217854985	226021304	Chr2D	227541519	235681561	13	0.9995384615384616
Chr2D	228439393	238204054	Chr2D	238098332	247858485	10	0.9998
Chr2D	240232637	259978877	Chr2D	249878986	269400482	32	1.0
Chr2D	263858571	270527810	Chr2D	270079476	276737745	14	0.9998571428571428
Chr2D	273178435	283308056	Chr2D	279350869	292708287	31	0.9983870967741936
Chr2D	285583565	656399205	Chr2D	294960143	670394447	3334	0.997381823635273
