cs_chr	cs_start	cs_end	Paragon_v3_tgt_chr	Paragon_v3_tgt_start	Paragon_v3_tgt_end	n_anchors	mean_identity
Chr4B	233162	86155240	Chr4B	262795	86235531	787	0.995733163913596
Chr4B	88370406	155154630	Chr4B	88462263	155119865	393	0.9993231552162851
Chr4B	157172475	164642854	Chr4B	157118783	165766039	12	0.9996666666666667
Chr4B	167236891	205159309	Chr4B	168398335	208365482	179	0.9995027932960894
Chr4B	216728965	221165126	Chr4B	220887989	225246748	8	1.0
Chr4B	294688008	296591676	Chr4B	299499705	301397538	4	1.0
Chr4B	357330117	428374125	Chr4B	362505534	435949001	341	0.9998299120234604
Chr4B	430804721	673727606	Chr4B	438358620	687063392	1809	0.9962835820895523
