cs_chr	cs_start	cs_end	Paragon_v3_tgt_chr	Paragon_v3_tgt_start	Paragon_v3_tgt_end	n_anchors	mean_identity
Chr5D	298647	143714900	Chr5D	563425	153144563	1131	0.9994969053934571
Chr5D	151476064	185711594	Chr5D	160616820	194928314	57	0.9992105263157894
Chr5D	191739975	196532049	Chr5D	202162203	206939786	23	0.9984347826086956
Chr5D	199741740	569782173	Chr5D	210132482	585934793	4209	0.9984459491565693
