cs_chr	cs_start	cs_end	Paragon_v3_tgt_chr	Paragon_v3_tgt_start	Paragon_v3_tgt_end	n_anchors	mean_identity
Chr7D	210218	282517414	Chr7D	417267	290805055	2693	0.9988150761232825
Chr7D	284804194	287605519	Chr7D	293114209	295935597	5	0.9958
Chr7D	289812212	308999203	Chr7D	298128656	320185123	40	0.999775
Chr7D	311331614	315519045	Chr7D	322516752	326696224	11	0.9977272727272727
Chr7D	320605710	323749465	Chr7D	328860877	332000415	6	1.0
Chr7D	326109003	342132821	Chr7D	334372348	350280033	19	0.9996315789473685
Chr7D	344251962	642831662	Chr7D	352337155	658753039	2538	0.9992576832151302
