cs_chr	cs_start	cs_end	Spelt_tgt_chr	Spelt_tgt_start	Spelt_tgt_end	n_anchors	mean_identity
Chr1D	21205	171916820	Chr1D	79888	167862533	1279	0.9973244722439406
Chr1D	176978740	244077016	Chr1D	172884532	239678037	331	0.9996102719033232
Chr1D	246590066	265739242	Chr1D	242179996	261280192	191	0.9991832460732984
Chr1D	268196572	498608479	Chr1D	263739504	493182166	2554	0.9991476115896634
