cs_chr	cs_start	cs_end	Spelt_tgt_chr	Spelt_tgt_start	Spelt_tgt_end	n_anchors	mean_identity
Chr1A	55218	161541694	Chr1A	29550	162292533	1188	0.9950202020202019
Chr1A	163678239	172995779	Chr1A	164462652	173999121	20	0.9964000000000001
Chr1A	202719482	204217307	Chr1A	203131871	204607866	5	0.9945999999999999
Chr1A	206439950	211446295	Chr1A	206808501	211807971	8	0.996375
Chr1A	214015968	411777219	Chr1A	214420179	414783137	913	0.995578313253012
Chr1A	414061309	422384517	Chr1A	417186766	425689101	24	0.9965
Chr1A	425019660	598351646	Chr1A	427490562	599521333	1894	0.993871172122492
