cs_chr	cs_start	cs_end	Spelt_tgt_chr	Spelt_tgt_start	Spelt_tgt_end	n_anchors	mean_identity
Chr2D	84238	215062920	Chr2D	81975	213427329	2205	0.9981138321995464
Chr2D	217854985	226021304	Chr2D	216188560	224317608	13	0.9994615384615384
Chr2D	228439393	238204054	Chr2D	226733511	236461369	10	0.9998
Chr2D	240232637	259978877	Chr2D	238482378	257987443	32	0.9998125
Chr2D	263858571	270527810	Chr2D	258620717	265289952	14	0.9998571428571428
Chr2D	273178435	283308056	Chr2D	267885481	281154444	28	0.9954642857142858
Chr2D	285583565	652296457	Chr2D	283901938	648105542	3324	0.998515944645006
