cs_chr	cs_start	cs_end	Spelt_tgt_chr	Spelt_tgt_start	Spelt_tgt_end	n_anchors	mean_identity
Chr4B	632430	1145338	Chr4B	3032301	3575610	16	0.976375
Chr4B	1292605	86155240	Chr4B	571581	81474267	747	0.9937014725568942
Chr4B	88370406	155154630	Chr4B	83758765	150328576	388	0.9971881443298969
Chr4B	157172475	164642854	Chr4B	152326739	159724446	12	0.9998333333333335
Chr4B	167236891	207224234	Chr4B	162255598	202029031	181	0.9990939226519338
Chr4B	212453315	226695727	Chr4B	207221206	226848237	35	0.9995142857142858
Chr4B	294688008	296591676	Chr4B	290262492	292165091	4	1.0
Chr4B	357330117	428374125	Chr4B	354110344	424664280	337	0.9976083086053413
Chr4B	430804721	673727606	Chr4B	427093204	668928458	1810	0.9954215469613259
