cs_chr	cs_start	cs_end	Spelt_tgt_chr	Spelt_tgt_start	Spelt_tgt_end	n_anchors	mean_identity
Chr5D	298647	143714900	Chr5D	400659	147718448	1109	0.9992912533814248
Chr5D	151476064	185711594	Chr5D	154257830	188393120	59	0.9973389830508476
Chr5D	191739975	196532049	Chr5D	196143770	200910491	22	0.9992727272727272
Chr5D	199741740	568759450	Chr5D	204120565	572647409	4198	0.9989723677941876
