cs_chr	cs_start	cs_end	Spelt_tgt_chr	Spelt_tgt_start	Spelt_tgt_end	n_anchors	mean_identity
Chr6D	52787044	56759409	Chr6D	29960671	33479528	31	0.999516129032258
Chr6D	64544097	186375773	Chr6D	41165118	162716122	935	0.9989347593582888
Chr6D	188380630	200393382	Chr6D	164688619	176726761	21	0.9996190476190476
Chr6D	203260384	235958205	Chr6D	179577078	211383077	45	0.9999111111111112
Chr6D	238222872	248745870	Chr6D	214669945	225131357	14	0.9994285714285714
Chr6D	253451229	261093398	Chr6D	229797417	237403519	12	0.9995833333333334
Chr6D	263489417	302615547	Chr6D	239796412	279906331	144	0.9981805555555556
Chr6D	304859324	436495956	Chr6D	282145370	413218995	1035	0.9991980676328504
Chr6D	439160889	495303957	Chr6D	415854616	471210346	924	0.9961764069264069
