cs_chr	cs_start	cs_end	Spelt_tgt_chr	Spelt_tgt_start	Spelt_tgt_end	n_anchors	mean_identity
Chr7D	1815902	6840517	Chr7D	1895455	6740685	105	0.9962285714285715
Chr7D	9083070	282517414	Chr7D	9465695	281805452	2484	0.9987705314009662
Chr7D	284804194	287605519	Chr7D	284062503	286896082	5	0.9958
Chr7D	289812212	308999203	Chr7D	289093533	311037038	40	0.9996
Chr7D	311331614	315519045	Chr7D	313368531	317543852	10	0.9974999999999999
Chr7D	320605710	323749465	Chr7D	319702344	322594174	6	1.0
Chr7D	326109003	342132821	Chr7D	324931163	340744895	19	0.9997368421052633
Chr7D	344251962	642791758	Chr7D	342801203	639137118	2537	0.9990977532518723
