cs_chr	cs_start	cs_end	Sumai3_tgt_chr	Sumai3_tgt_start	Sumai3_tgt_end	n_anchors	mean_identity
Chr1D	75236	169063458	Chr1D	1705293	173505572	1287	0.9975951825951825
Chr1D	174112790	241478197	Chr1D	178502514	245396576	335	0.9998029850746267
Chr1D	243970232	263198593	Chr1D	247888261	267003275	209	0.9998181818181817
Chr1D	265672658	495423156	Chr1D	269458842	502391383	2560	0.9993195312500001
