cs_chr	cs_start	cs_end	Sumai3_tgt_chr	Sumai3_tgt_start	Sumai3_tgt_end	n_anchors	mean_identity
Chr2D	2614915	3222298	Chr2D	561420	1197528	22	0.9998636363636364
Chr2D	34213	212930092	Chr2D	1262105	218056376	2227	0.9988931297709923
Chr2D	215731966	223908849	Chr2D	220824719	228942177	13	0.9998461538461539
Chr2D	226334565	236124178	Chr2D	231358726	241085059	10	0.9996
Chr2D	238162860	265066747	Chr2D	243106012	270034139	46	0.9999565217391305
Chr2D	267698311	280652282	Chr2D	272651182	285864608	35	0.9994857142857143
Chr2D	282927919	635522009	Chr2D	288129940	642983202	3066	0.9986868884540118
Chr2D	644331092	646264222	Chr2D	648913460	650846188	50	0.9993199999999999
Chr2D	635667426	644138710	Chr2D	651260637	660439707	142	0.994387323943662
