cs_chr	cs_start	cs_end	Sumai3_tgt_chr	Sumai3_tgt_start	Sumai3_tgt_end	n_anchors	mean_identity
Chr5D	95790	142906633	Chr5D	541475	150948361	1131	0.9994933687002654
Chr5D	150833053	185200167	Chr5D	158450600	192810689	58	0.9987068965517241
Chr5D	187947173	193635424	Chr5D	194100399	204999927	25	0.9967199999999999
Chr5D	196853980	564228716	Chr5D	208186044	583003003	4198	0.9988013339685564
