cs_chr	cs_start	cs_end	JIN50_tgt_chr	JIN50_tgt_start	JIN50_tgt_end	n_anchors	mean_identity
Chr1D	85144	169063458	Chr1D	93780	169137467	1258	0.9957567567567566
Chr1D	174112790	241478197	Chr1D	174152060	241041044	334	0.9997005988023953
Chr1D	243970232	263198593	Chr1D	243543422	262635837	204	0.9997892156862744
Chr1D	265672658	495423156	Chr1D	265100556	498590634	2560	0.9989386718750002
