cs_chr	cs_start	cs_end	JIN50_tgt_chr	JIN50_tgt_start	JIN50_tgt_end	n_anchors	mean_identity
Chr2D	34213	212930092	Chr2D	2000453	217778781	2224	0.9985454136690647
Chr2D	215731966	223908849	Chr2D	220564859	228699604	13	0.9996153846153847
Chr2D	226334565	236124178	Chr2D	231116259	240868216	10	0.9995
Chr2D	238162860	265066747	Chr2D	242889254	269706470	46	0.9998478260869565
Chr2D	267698311	280652282	Chr2D	272327869	285260870	33	0.9995454545454545
Chr2D	282927919	635522009	Chr2D	287502330	641056449	3081	0.9991850048685493
Chr2D	641896218	646652459	Chr2D	647852801	652556169	120	0.9998916666666666
