cs_chr	cs_start	cs_end	JIN50_tgt_chr	JIN50_tgt_start	JIN50_tgt_end	n_anchors	mean_identity
Chr4B	226512235	230010047	Chr4B	229081950	232539459	4	1.0
Chr4B	234405	83143343	Chr4B	263887	85783273	791	0.9958862199747157
Chr4B	85363222	152088859	Chr4B	88010014	154653467	389	0.9997866323907456
Chr4B	154112314	161625531	Chr4B	156642352	164174274	12	0.9997500000000001
Chr4B	163837175	203850975	Chr4B	166748600	206633621	179	0.9990055865921788
Chr4B	209075937	223387060	Chr4B	211778144	225977483	40	0.9998250000000001
Chr4B	295046802	296948857	Chr4B	307302620	309201893	3	1.0
Chr4B	357909130	429353205	Chr4B	374973482	447407887	342	0.9996345029239766
Chr4B	431793129	673534850	Chr4B	449810656	699629344	1836	0.9970054466230936
