cs_chr	cs_start	cs_end	JIN50_tgt_chr	JIN50_tgt_start	JIN50_tgt_end	n_anchors	mean_identity
Chr5D	188828930	193635424	Chr5D	198734511	203513360	23	0.9967391304347827
Chr5D	196853980	565976360	Chr5D	206711764	579634296	4271	0.9991025520955281
