cs_chr	cs_start	cs_end	JIN50_tgt_chr	JIN50_tgt_start	JIN50_tgt_end	n_anchors	mean_identity
Chr5D	3013168	139444399	Chr5D	187607	141043757	1098	0.9995591985428052
Chr5D	150833053	185200167	Chr5D	156644322	190965838	58	0.9987241379310345
Chr5D	188828930	193635424	Chr5D	198734511	203513360	23	0.9967391304347827
Chr5D	196853980	565976360	Chr5D	206711764	579634296	4271	0.9991025520955281
