cs_chr	cs_start	cs_end	JIN50_tgt_chr	JIN50_tgt_start	JIN50_tgt_end	n_anchors	mean_identity
Chr6D	26351226	46873994	Chr6D	33680221	75969971	247	0.9981133603238866
Chr6D	50605266	164765103	Chr6D	76631078	194317966	877	0.9991995438996579
Chr6D	166779487	214550301	Chr6D	196300509	243053079	72	0.9988472222222222
Chr6D	216846232	227401287	Chr6D	244535219	255035272	15	0.9988666666666667
Chr6D	232122220	239805311	Chr6D	259737899	267367003	12	0.9940833333333333
Chr6D	242219199	280904417	Chr6D	269761449	310617385	144	0.998548611111111
Chr6D	283156017	415028218	Chr6D	312857477	444374409	1031	0.9996634335596508
Chr6D	417690848	469751579	Chr6D	447033264	501277919	771	0.9966796368352788
