cs_chr	cs_start	cs_end	JIN50_tgt_chr	JIN50_tgt_start	JIN50_tgt_end	n_anchors	mean_identity
Chr7D	14421585	277735513	Chr7D	16777395	289325909	2434	0.9991088742810189
Chr7D	282874482	285683864	Chr7D	294494854	297340289	5	0.9864
Chr7D	287902401	307163278	Chr7D	299543445	321604286	41	0.9991219512195122
Chr7D	309504249	313709460	Chr7D	323934846	328092499	11	1.0
Chr7D	318812712	321972400	Chr7D	330240606	333380160	6	1.0
Chr7D	324339077	340299388	Chr7D	335742411	351438029	19	0.9998421052631579
Chr7D	342405820	631639611	Chr7D	353495262	651364841	2424	0.9992706270627063
Chr7D	634411530	638667898	Chr7D	651418410	655798169	56	0.9994285714285714
