cs_chr	cs_start	cs_end	Jagger_tgt_chr	Jagger_tgt_start	Jagger_tgt_end	n_anchors	mean_identity
Chr1D	85144	169063458	Chr1D	116365	166726532	1222	0.9955245499181669
Chr1D	174112790	241478197	Chr1D	171816104	239091080	327	0.9984128440366973
Chr1D	243970232	263198593	Chr1D	241523087	260782156	209	0.9994114832535885
Chr1D	265672658	495423156	Chr1D	263264307	493385772	2401	0.9958042482299042
