cs_chr	cs_start	cs_end	Jagger_tgt_chr	Jagger_tgt_start	Jagger_tgt_end	n_anchors	mean_identity
Chr2D	34213	212930092	Chr2D	632016	231049371	2111	0.997374703931786
Chr2D	215731966	223908849	Chr2D	233828848	241988940	13	0.9996153846153847
Chr2D	226334565	236124178	Chr2D	244403746	254127682	10	0.9964000000000001
Chr2D	238162860	265066747	Chr2D	256154950	283116043	46	0.9987391304347826
Chr2D	268896836	280652282	Chr2D	286939380	299671838	32	0.9982500000000001
Chr2D	282927919	582494715	Chr2D	301940516	602780452	2180	0.9969605504587155
Chr2D	584531119	635759806	Chr2D	603347133	671509185	624	0.9798974358974357
Chr2D	638805704	650660609	Chr2D	660077817	673964316	205	0.9948829268292684
Chr2D	650834677	651821746	Chr2D	658995274	659992040	24	0.9991666666666666
