cs_chr	cs_start	cs_end	Jagger_tgt_chr	Jagger_tgt_start	Jagger_tgt_end	n_anchors	mean_identity
Chr6D	43783	27452901	Chr6D	96612	25724221	502	0.9972250996015936
Chr6D	42933120	52823618	Chr6D	28881081	41041755	96	0.9980625
Chr6D	55105672	164765103	Chr6D	41239364	151061094	823	0.9991251518833536
Chr6D	166779487	214550301	Chr6D	153045485	199932711	75	0.9988933333333333
Chr6D	216846232	226784359	Chr6D	202485371	212426412	14	0.9987857142857143
Chr6D	232122220	239805311	Chr6D	217754239	225408248	12	0.9914166666666667
Chr6D	242219199	280904417	Chr6D	227818377	266515490	142	0.9981830985915492
Chr6D	283156017	415028218	Chr6D	268756561	400616220	1017	0.998583087512291
Chr6D	417690848	473516145	Chr6D	403300633	459249197	885	0.9932022598870057
