cs_chr	cs_start	cs_end	Jagger_tgt_chr	Jagger_tgt_start	Jagger_tgt_end	n_anchors	mean_identity
Chr7D	210218	277735513	Chr7D	380636	277904674	2618	0.997672268907563
Chr7D	282874482	285683864	Chr7D	283100788	285930455	5	0.9808
Chr7D	287902401	307163278	Chr7D	288127800	310282764	40	0.999775
Chr7D	309504249	313709460	Chr7D	312636022	316840826	11	1.0
Chr7D	318812712	321972400	Chr7D	319010529	322156147	6	0.9951666666666666
Chr7D	324339077	340299388	Chr7D	324527466	341824812	19	0.9996842105263157
Chr7D	342405820	631458419	Chr7D	342422362	636325539	2375	0.9982526315789475
Chr7D	633988419	638667898	Chr7D	636393111	641003882	67	0.9981044776119403
