cs_chr	cs_start	cs_end	Lancer_tgt_chr	Lancer_tgt_start	Lancer_tgt_end	n_anchors	mean_identity
Chr1D	2652627	3060159	Chr1D	5891091	6302062	19	0.9898421052631579
Chr1D	39132181	40267055	Chr1D	42743530	43882697	22	0.9987272727272728
Chr1D	45732231	47715850	Chr1D	36218083	37954802	13	0.9797692307692306
Chr1D	21205	465595	Chr1D	213751	658890	20	0.99825
Chr1D	3134650	45358311	Chr1D	886580	42685732	523	0.9954015296367114
Chr1D	48315169	171916820	Chr1D	45102342	167665257	672	0.9986711309523809
Chr1D	176978740	244077016	Chr1D	172665057	239515608	330	0.9996060606060606
Chr1D	246590066	265739242	Chr1D	242002554	260966133	180	0.9994555555555554
Chr1D	268196572	498419292	Chr1D	263410068	491670694	2557	0.9992158779820102
