cs_chr	cs_start	cs_end	Lancer_tgt_chr	Lancer_tgt_start	Lancer_tgt_end	n_anchors	mean_identity
Chr2D	84238	20648531	Chr2D	90210	21022253	472	0.9974449152542374
Chr2D	23027597	215062920	Chr2D	21902928	212272666	1710	0.9986994152046784
Chr2D	217854985	226021304	Chr2D	215042015	223147470	13	0.9995384615384616
Chr2D	228439393	238204054	Chr2D	225533004	235219843	10	0.9998
Chr2D	240232637	259978877	Chr2D	237235897	256716895	32	0.9999375
Chr2D	263858571	270527810	Chr2D	257359220	264010821	14	0.9997857142857144
Chr2D	273178435	283308056	Chr2D	266657330	279823971	31	0.9989354838709678
Chr2D	285583565	640998279	Chr2D	282089390	635096136	3096	0.9987041343669252
