cs_chr	cs_start	cs_end	Lancer_tgt_chr	Lancer_tgt_start	Lancer_tgt_end	n_anchors	mean_identity
Chr5D	5502164	7633829	Chr5D	4455	2051314	23	0.9983478260869565
Chr5D	476594	5341581	Chr5D	2210760	7051633	99	0.9984040404040404
Chr5D	7694130	143714900	Chr5D	7659897	144938426	996	0.999480923694779
Chr5D	151476064	185711594	Chr5D	151036340	185085451	57	0.9982280701754386
Chr5D	191739975	196532049	Chr5D	192243783	196646793	22	0.9994545454545455
Chr5D	199741740	569782173	Chr5D	199839802	567997228	4220	0.998281990521327
