cs_chr	cs_start	cs_end	Lancer_tgt_chr	Lancer_tgt_start	Lancer_tgt_end	n_anchors	mean_identity
Chr7D	210218	282517414	Chr7D	379036	280656049	2666	0.998438109527382
Chr7D	284804194	287605519	Chr7D	282876073	285708570	5	0.9958
Chr7D	289812212	308999203	Chr7D	287911730	309898847	40	0.99975
Chr7D	311331614	315519045	Chr7D	312199777	316365085	11	0.9977272727272727
Chr7D	320605710	323749465	Chr7D	318489215	321402505	6	1.0
Chr7D	326109003	342132821	Chr7D	323758901	339652171	18	0.9997222222222223
Chr7D	344251962	640053683	Chr7D	341728195	635751485	2449	0.9992694977541855
