cs_chr	cs_start	cs_end	Mace_tgt_chr	Mace_tgt_start	Mace_tgt_end	n_anchors	mean_identity
Chr4B	234405	83143343	Chr4B	249667	82498086	800	0.9969537500000001
Chr4B	85363222	152088859	Chr4B	84702249	150825747	388	0.9989458762886598
Chr4B	154112314	161625531	Chr4B	152814852	160220135	12	0.9997500000000001
Chr4B	163837175	201772039	Chr4B	162471661	200141518	178	0.999561797752809
Chr4B	213390236	217850465	Chr4B	212657861	217053730	8	0.999375
Chr4B	299559143	300937295	Chr4B	297068001	299084234	4	1.0
Chr4B	357909130	429353205	Chr4B	356829822	428180400	341	0.9986392961876833
Chr4B	431793129	673534850	Chr4B	430548745	667380530	1775	0.9964197183098591
Chr4B	664156392	664977323	Chr4B	654303601	655135894	13	0.9905384615384616
