cs_chr	cs_start	cs_end	Mace_tgt_chr	Mace_tgt_start	Mace_tgt_end	n_anchors	mean_identity
Chr5D	95790	142906633	Chr5D	394787	146101008	1121	0.9993131132917038
Chr5D	150833053	185200167	Chr5D	150077321	184142549	58	0.998603448275862
Chr5D	187947173	193635424	Chr5D	185987297	196342399	23	0.9995217391304348
Chr5D	196853980	564587624	Chr5D	199534907	566818172	4183	0.9986576619650969
