cs_chr	cs_start	cs_end	Mace_tgt_chr	Mace_tgt_start	Mace_tgt_end	n_anchors	mean_identity
Chr7D	210218	277735513	Chr7D	123704	278885392	2674	0.9987879581151833
Chr7D	282874482	285683864	Chr7D	283960914	286798003	5	0.9865999999999999
Chr7D	287902401	307163278	Chr7D	289005351	310979258	41	0.9990975609756098
Chr7D	309504249	313709460	Chr7D	313303423	317477783	11	1.0
Chr7D	318812712	321972400	Chr7D	319643910	322642785	6	1.0
Chr7D	324339077	340299388	Chr7D	324998989	340862656	19	0.9996842105263157
Chr7D	342405820	636967267	Chr7D	342905658	636651530	2478	0.9989237288135594
