cs_chr	cs_start	cs_end	Norin61_tgt_chr	Norin61_tgt_start	Norin61_tgt_end	n_anchors	mean_identity
Chr1A	55218	161541694	Chr1A	141455	159526856	1093	0.9926569075937788
Chr1A	163678239	179426534	Chr1A	161697743	177328613	31	0.998967741935484
Chr1A	181647298	184244993	Chr1A	179430639	182013128	6	0.9973333333333332
Chr1A	187212146	195578524	Chr1A	184985402	193328492	11	0.999909090909091
Chr1A	202719482	204217307	Chr1A	200133056	201621446	5	0.9988
Chr1A	206439950	211446295	Chr1A	203844853	208831474	8	0.9995
Chr1A	214015968	411777219	Chr1A	211458705	411670142	918	0.9968725490196078
Chr1A	413826758	598556974	Chr1A	413688102	593685554	1969	0.9966124936515998
