cs_chr	cs_start	cs_end	Norin61_tgt_chr	Norin61_tgt_start	Norin61_tgt_end	n_anchors	mean_identity
Chr1D	29944	171916820	Chr1D	31390	168570657	1255	0.9965824701195216
Chr1D	176978740	244077016	Chr1D	173602987	240522768	322	0.9994720496894408
Chr1D	246590066	265739242	Chr1D	243013730	262099158	212	0.9997594339622642
Chr1D	268196572	498608479	Chr1D	264547978	492866371	2551	0.9987734221873776
