cs_chr	cs_start	cs_end	Norin61_tgt_chr	Norin61_tgt_start	Norin61_tgt_end	n_anchors	mean_identity
Chr2D	2236360	215062920	Chr2D	1624646	213185074	2189	0.9989520328917314
Chr2D	217854985	226021304	Chr2D	215954110	224081709	13	0.9998461538461539
Chr2D	228439393	238204054	Chr2D	226490881	236208234	10	0.9995
Chr2D	240232637	259978877	Chr2D	238231534	257643501	32	0.9998750000000001
Chr2D	263858571	270527810	Chr2D	258277019	264925129	14	1.0
Chr2D	273178435	283308056	Chr2D	267571641	280894351	31	0.9958387096774193
Chr2D	285583565	643117389	Chr2D	283163642	637121536	3170	0.9985990536277604
Chr2D	646574517	651676873	Chr2D	642257614	646948307	93	0.9962795698924729
