cs_chr	cs_start	cs_end	Norin61_tgt_chr	Norin61_tgt_start	Norin61_tgt_end	n_anchors	mean_identity
Chr5D	298647	6015245	Chr5D	13035157	18748193	119	0.9993697478991598
Chr5D	11531756	19135368	Chr5D	65866	7558670	45	0.9995333333333335
Chr5D	6780466	11464496	Chr5D	7626028	12300504	65	0.9993846153846155
Chr5D	20340841	143714900	Chr5D	20288439	142790719	903	0.9994950166112957
Chr5D	151476064	185711594	Chr5D	148661158	182817436	58	0.9992413793103448
Chr5D	191739975	196532049	Chr5D	190865409	195651252	22	0.9998181818181819
Chr5D	199741740	567506595	Chr5D	198857225	563380105	4203	0.9991263383297644
Chr5D	561317483	562522940	Chr5D	563543041	564752295	35	0.9989714285714285
Chr5D	567757999	569875126	Chr5D	556480743	558600760	43	0.998046511627907
