cs_chr	cs_start	cs_end	Norin61_tgt_chr	Norin61_tgt_start	Norin61_tgt_end	n_anchors	mean_identity
Chr7A	10862973	13118622	Chr7A	75847	1941936	42	0.9916904761904761
Chr7A	6035724	10698903	Chr7A	2088133	6833259	79	0.980632911392405
Chr7A	13328294	74955432	Chr7A	11400524	70399460	781	0.9978361075544175
Chr7A	77011021	316231457	Chr7A	72209143	309583853	1604	0.9990193266832919
Chr7A	318780197	364830171	Chr7A	312085158	357934736	84	0.9988095238095239
Chr7A	367537951	393376082	Chr7A	362180516	387801715	37	0.9996216216216217
Chr7A	396497557	744483656	Chr7A	390902161	734602226	2578	0.9980190069821567
