cs_chr	cs_start	cs_end	Kariega_tgt_chr	Kariega_tgt_start	Kariega_tgt_end	n_anchors	mean_identity
Chr1D	85144	907032	Chr1D	3096767	4484514	29	0.9903103448275863
Chr1D	3115894	169063458	Chr1D	4552048	174620719	1226	0.9966827079934747
Chr1D	174112790	241478197	Chr1D	179632234	246528202	335	0.9997850746268656
Chr1D	243970232	263198593	Chr1D	249033086	268136231	203	0.9998128078817733
Chr1D	265672658	495423156	Chr1D	270591824	504438886	2564	0.9994360374414977
