cs_chr	cs_start	cs_end	Kariega_tgt_chr	Kariega_tgt_start	Kariega_tgt_end	n_anchors	mean_identity
Chr2D	34213	212930092	Chr2D	1871635	218863899	2228	0.9985336624775585
Chr2D	215731966	223908849	Chr2D	221649874	229791016	13	0.9995384615384617
Chr2D	226334565	236124178	Chr2D	232207050	241969403	10	0.9995
Chr2D	238162860	265066747	Chr2D	243992087	270852365	46	0.9998913043478261
Chr2D	267698311	280652282	Chr2D	273500044	286678244	33	0.9995454545454545
Chr2D	282927919	635522009	Chr2D	288945736	644037631	3071	0.9988111364376425
Chr2D	642100982	647001358	Chr2D	650405785	655319140	119	0.9998823529411766
Chr2D	635584896	642036015	Chr2D	655382116	662384799	106	0.9925283018867924
