cs_chr	cs_start	cs_end	Kariega_tgt_chr	Kariega_tgt_start	Kariega_tgt_end	n_anchors	mean_identity
Chr5D	3870138	5275320	Chr5D	6103768	7488467	14	0.997
Chr5D	20210574	142906633	Chr5D	22845578	154612128	902	0.9996008869179602
Chr5D	150833053	185200167	Chr5D	162080211	196368570	58	0.9974827586206897
Chr5D	187947173	193635424	Chr5D	198244033	209179190	25	0.99568
Chr5D	196853980	502182088	Chr5D	212386793	522306493	3185	0.9993802197802198
Chr5D	504996265	563340305	Chr5D	522982348	584146163	962	0.9953638253638253
Chr5D	563400860	564228716	Chr5D	578051444	578867125	16	0.9999375
Chr5D	564749882	565976360	Chr5D	576020163	577221226	34	0.9999117647058824
