cs_chr	cs_start	cs_end	Kariega_tgt_chr	Kariega_tgt_start	Kariega_tgt_end	n_anchors	mean_identity
Chr6D	52671	4677721	Chr6D	3867541	7832421	91	0.9913186813186813
Chr6D	7344778	164765103	Chr6D	7919067	193849853	1514	0.9993467635402906
Chr6D	166779487	214550301	Chr6D	195848113	243878171	72	0.9986944444444446
Chr6D	216846232	227401287	Chr6D	247084713	257567293	15	0.9988
Chr6D	232122220	239805311	Chr6D	262258391	269896119	12	0.9940833333333333
Chr6D	242219199	280904417	Chr6D	272319080	313167814	144	0.9984930555555557
Chr6D	283156017	415028218	Chr6D	315407991	446882714	1033	0.9996137463697968
Chr6D	417690848	473516145	Chr6D	449541655	507175661	924	0.9963571428571428
