cs_chr	cs_start	cs_end	CS_IAAS_tgt_chr	CS_IAAS_tgt_start	CS_IAAS_tgt_end	n_anchors	mean_identity
Chr1D	21205	171916820	Chr1D	125671	175541793	1335	0.9997857677902624
Chr1D	176978740	244077016	Chr1D	180561106	247423131	331	0.9997643504531722
Chr1D	246590066	265739242	Chr1D	249925956	269041855	174	0.999867816091954
Chr1D	268196572	498608479	Chr1D	271494098	505231664	2576	0.9997670807453416
