cs_chr	cs_start	cs_end	CS_IAAS_tgt_chr	CS_IAAS_tgt_start	CS_IAAS_tgt_end	n_anchors	mean_identity
Chr2B	31439	248272484	Chr2B	547451	251350975	2346	0.9996628303495311
Chr2B	250482935	283157104	Chr2B	253557881	286703399	144	0.9998680555555555
Chr2B	285496966	303738486	Chr2B	289046556	307225482	24	0.999375
Chr2B	308444889	310240678	Chr2B	316865285	318658517	3	1.0
Chr2B	318431746	331681179	Chr2B	322211213	335433673	17	1.0
Chr2B	333809245	346552298	Chr2B	337860746	351818348	21	1.0
Chr2B	348999066	355740303	Chr2B	354256225	360953827	9	1.0
Chr2B	360072831	363706950	Chr2B	364685124	371102202	5	1.0
Chr2B	365734406	812719815	Chr2B	373034171	822421810	3534	0.9998166383701188
