cs_chr	cs_start	cs_end	CS_IAAS_tgt_chr	CS_IAAS_tgt_start	CS_IAAS_tgt_end	n_anchors	mean_identity
Chr5B	18593	1406205	Chr5B	9653782	10784968	11	1.0
Chr5B	6276500	150623157	Chr5B	12111145	164449370	1011	0.9997101879327398
Chr5B	153027140	156551532	Chr5B	166842942	173995214	8	1.0
Chr5B	158568371	169148558	Chr5B	175748706	186281705	18	0.9999444444444445
Chr5B	172437588	195927921	Chr5B	189229105	213876895	35	0.9999142857142858
Chr5B	199556820	201713194	Chr5B	216634585	218780448	8	1.0
Chr5B	206148489	239465934	Chr5B	228401943	261968097	124	0.9993548387096775
Chr5B	241488361	344742710	Chr5B	263980453	367859814	589	0.9997877758913413
Chr5B	346985936	714671459	Chr5B	370082178	742669404	3716	0.9998320775026911
