cs_chr	cs_start	cs_end	CS_IAAS_tgt_chr	CS_IAAS_tgt_start	CS_IAAS_tgt_end	n_anchors	mean_identity
Chr5A	14293	62409843	Chr5A	25546	65240236	581	0.9997676419965577
Chr5A	65256920	152899436	Chr5A	68080822	155623288	406	0.9995566502463056
Chr5A	156754150	160718182	Chr5A	159477132	163601387	13	1.0
Chr5A	163084098	182449906	Chr5A	165960977	185262267	37	0.999972972972973
Chr5A	184871905	187078746	Chr5A	187678741	189878628	4	1.0
Chr5A	192446609	200581324	Chr5A	195222069	203326728	16	1.0
Chr5A	204816399	224020772	Chr5A	207552943	226726587	33	0.9997878787878788
Chr5A	226098410	251028605	Chr5A	228799890	256149858	62	0.9999516129032258
Chr5A	254547841	713328361	Chr5A	259752214	722055221	4272	0.9997446161048692
