cs_chr	cs_start	cs_end	CS_IAAS_tgt_chr	CS_IAAS_tgt_start	CS_IAAS_tgt_end	n_anchors	mean_identity
Chr7D	10357448	282517414	Chr7D	11079480	292542350	2536	0.999810331230284
Chr7D	284804194	287605519	Chr7D	294868819	297687816	5	0.9998000000000001
Chr7D	289812212	308999203	Chr7D	299887631	319036416	40	0.999925
Chr7D	311331614	323749465	Chr7D	321368080	333753190	20	0.9986499999999999
Chr7D	326109003	342132821	Chr7D	336118540	351966082	19	0.9999473684210528
Chr7D	344251962	642831662	Chr7D	354022877	660062020	2557	0.9997669143527571
