cs_chr	cs_start	cs_end	CS_IAAS_tgt_chr	CS_IAAS_tgt_start	CS_IAAS_tgt_end	n_anchors	mean_identity
Chr7A	239033	74955432	Chr7A	254042	75156633	1126	0.9998223801065719
Chr7A	77011021	316231457	Chr7A	77676885	319589369	1622	0.9997583230579531
Chr7A	318780197	364830171	Chr7A	322122784	368814388	85	0.9999176470588237
Chr7A	367537951	393376082	Chr7A	373295794	400806474	38	0.9998947368421053
Chr7A	396497557	744483656	Chr7A	403927787	752083001	2647	0.9997295051001132
