cs_chr	cs_start	cs_end	CS_CAU_tgt_chr	CS_CAU_tgt_start	CS_CAU_tgt_end	n_anchors	mean_identity
Chr1D	21205	171916820	Chr1D	142728	174908128	1327	0.9997626224566692
Chr1D	176978740	244077016	Chr1D	179927438	246788661	330	0.9995636363636364
Chr1D	246590066	265739242	Chr1D	249291473	268406629	195	0.9999384615384616
Chr1D	268196572	498608479	Chr1D	270858847	503901627	2573	0.9997096774193548
