cs_chr	cs_start	cs_end	CS_CAU_tgt_chr	CS_CAU_tgt_start	CS_CAU_tgt_end	n_anchors	mean_identity
Chr2D	84238	215062920	Chr2D	238321	216593839	2278	0.9997620719929763
Chr2D	217854985	226021304	Chr2D	219445722	227594410	13	1.0
Chr2D	228439393	238204054	Chr2D	230005471	239745161	10	0.9999
Chr2D	240232637	259978877	Chr2D	241766070	261415872	32	1.0
Chr2D	263858571	270527810	Chr2D	262133432	268790205	14	1.0
Chr2D	273178435	283308056	Chr2D	271406825	284629815	30	0.9994
Chr2D	285583565	656399205	Chr2D	286896994	659109756	3470	0.999792795389049
