cs_chr	cs_start	cs_end	CS_CAU_tgt_chr	CS_CAU_tgt_start	CS_CAU_tgt_end	n_anchors	mean_identity
Chr5B	18593	1406205	Chr5B	6502635	7632633	11	1.0
Chr5B	6276500	150623157	Chr5B	8958766	158188144	1001	0.9996873126873128
Chr5B	153027140	155842028	Chr5B	160559969	163605797	5	1.0
Chr5B	158568371	169148558	Chr5B	165273546	175806520	18	0.9999444444444444
Chr5B	193712534	195927921	Chr5B	201300865	203695494	5	0.9996
Chr5B	199556820	203897660	Chr5B	206460645	216276553	10	0.9998
Chr5B	206148489	239465934	Chr5B	218537650	252389020	124	0.9993548387096776
Chr5B	241488361	344742710	Chr5B	254401367	358124065	588	0.9997823129251702
Chr5B	346985936	714671459	Chr5B	360346409	732923671	3705	0.9998205128205128
