cs_chr	cs_start	cs_end	CS_CAU_tgt_chr	CS_CAU_tgt_start	CS_CAU_tgt_end	n_anchors	mean_identity
Chr5D	298647	143714900	Chr5D	537924	152073844	1129	0.9997006200177148
Chr5D	151476064	185711594	Chr5D	158620398	192940112	57	0.9995087719298246
Chr5D	191739975	196532049	Chr5D	199334148	204112933	23	0.999391304347826
Chr5D	199741740	569875126	Chr5D	207318884	580147472	4315	0.9997506373117035
