cs_chr	cs_start	cs_end	CS_CAU_tgt_chr	CS_CAU_tgt_start	CS_CAU_tgt_end	n_anchors	mean_identity
Chr7A	239033	74955432	Chr7A	303329	75177149	1123	0.9998192341941228
Chr7A	77011021	316231457	Chr7A	77675652	319103595	1621	0.999742751388032
Chr7A	318780197	364830171	Chr7A	321641525	367963290	84	0.999904761904762
Chr7A	367537951	393376082	Chr7A	372444694	399951982	38	0.9998947368421052
Chr7A	396497557	744483656	Chr7A	403073285	750209987	2655	0.9997209039548024
