cs_chr	cs_start	cs_end	CS_CAU_tgt_chr	CS_CAU_tgt_start	CS_CAU_tgt_end	n_anchors	mean_identity
Chr7D	210218	282517414	Chr7D	1908931	292140811	2740	0.9997587591240876
Chr7D	284804194	287605519	Chr7D	294469802	297288798	5	0.9998
Chr7D	289812212	308999203	Chr7D	299488596	318637367	38	0.9995789473684212
Chr7D	311331614	323749465	Chr7D	320969014	333354067	20	0.99865
Chr7D	326109003	342132821	Chr7D	335719421	351566626	19	0.9999473684210528
Chr7D	344251962	642791758	Chr7D	353623423	660046127	2550	0.999756862745098
