cs_chr	cs_start	cs_end	ArinaLrFor_tgt_chr	ArinaLrFor_tgt_start	ArinaLrFor_tgt_end	n_anchors	mean_identity
Chr1D	21205	171916820	Chr1D	79763	167357172	1231	0.9965670186839969
Chr1D	176978740	244077016	Chr1D	169316963	236311470	328	0.9996310975609757
Chr1D	246590066	265739242	Chr1D	238815168	257942148	207	0.9995748792270531
Chr1D	268196572	498608479	Chr1D	260403181	490408475	2560	0.999131640625
