cs_chr	cs_start	cs_end	ArinaLrFor_tgt_chr	ArinaLrFor_tgt_start	ArinaLrFor_tgt_end	n_anchors	mean_identity
Chr4B	754884	86155240	Chr4B	67205	82978355	774	0.9951279069767442
Chr4B	88370406	155154630	Chr4B	85213978	151841620	389	0.9991542416452444
Chr4B	157172475	164642854	Chr4B	153833014	161255090	12	0.99975
Chr4B	167236891	207224234	Chr4B	163758002	203590072	180	0.9993944444444444
Chr4B	212453315	226695727	Chr4B	208787487	223014589	37	0.9995135135135135
Chr4B	229815313	233299063	Chr4B	226134963	229594637	4	0.9995
Chr4B	294688008	296591676	Chr4B	294847345	296747579	4	1.0
Chr4B	357330117	428374125	Chr4B	360248730	431030839	336	0.9977589285714286
Chr4B	430804721	672368229	Chr4B	433400882	676728930	1791	0.9960915689558906
