cs_chr	cs_start	cs_end	ArinaLrFor_tgt_chr	ArinaLrFor_tgt_start	ArinaLrFor_tgt_end	n_anchors	mean_identity
Chr5D	298647	4695314	Chr5D	1723943	6092160	62	0.9964677419354838
Chr5D	6780466	143714900	Chr5D	6581096	148201446	1015	0.9993576354679803
Chr5D	151476064	185711594	Chr5D	154852334	189012234	58	0.9985862068965518
Chr5D	191739975	196532049	Chr5D	196999025	201636032	21	0.9994285714285714
Chr5D	199741740	562522940	Chr5D	204846130	568428495	4114	0.998978852698104
Chr5D	564702827	569782173	Chr5D	571633370	575925022	89	0.9812696629213483
