cs_chr	cs_start	cs_end	ArinaLrFor_tgt_chr	ArinaLrFor_tgt_start	ArinaLrFor_tgt_end	n_anchors	mean_identity
Chr7D	27933151	28456294	Chr7D	21646747	22171715	12	0.9999166666666667
Chr7D	210218	282517414	Chr7D	59380	282242837	2633	0.9981067223699202
Chr7D	284804194	287605519	Chr7D	284521280	287359902	5	0.9958
Chr7D	289812212	308999203	Chr7D	289563958	311609727	40	0.9998000000000001
Chr7D	311331614	315519045	Chr7D	313941136	318119849	11	0.9977272727272727
Chr7D	320605710	323749465	Chr7D	320287735	323418331	6	1.0
Chr7D	326109003	342132821	Chr7D	325774419	341807631	19	0.9995263157894737
Chr7D	344251962	642791758	Chr7D	343934941	642172415	2530	0.999204347826087
