cs_chr	cs_start	cs_end	CS_v1_tgt_chr	CS_v1_tgt_start	CS_v1_tgt_end	n_anchors	mean_identity
Chr1D	21205	171916820	Chr1D	75236	169063458	1328	0.9996822289156626
Chr1D	176978740	244077016	Chr1D	174112790	241478197	333	0.9997477477477478
Chr1D	246590066	265739242	Chr1D	243970232	263198593	212	1.0
Chr1D	268196572	498608479	Chr1D	265672658	495423156	2570	0.9995747081712064
