cs_chr	cs_start	cs_end	CS_v1_tgt_chr	CS_v1_tgt_start	CS_v1_tgt_end	n_anchors	mean_identity
Chr2D	84238	215062920	Chr2D	34213	212930092	2271	0.9997943637164246
Chr2D	217854985	226021304	Chr2D	215731966	223908849	13	1.0
Chr2D	228439393	238204054	Chr2D	226334565	236124178	10	0.9999
Chr2D	240232637	259978877	Chr2D	238162860	257743108	32	1.0
Chr2D	263858571	270527810	Chr2D	258370485	265066747	14	1.0
Chr2D	273178435	283308056	Chr2D	267698311	280652282	31	0.9994193548387096
Chr2D	285583565	638960148	Chr2D	282927919	635522009	3124	0.9997679257362356
Chr2D	644650874	649566970	Chr2D	641578495	646503437	120	0.9999833333333332
