cs_chr	cs_start	cs_end	CS_v1_tgt_chr	CS_v1_tgt_start	CS_v1_tgt_end	n_anchors	mean_identity
Chr5D	298647	143714900	Chr5D	95790	142906633	1133	0.999648720211827
Chr5D	151476064	185711594	Chr5D	150833053	185200167	60	0.9987499999999999
Chr5D	191739975	196532049	Chr5D	188828930	193635424	22	1.0
Chr5D	199741740	569875126	Chr5D	196853980	564228716	4282	0.999739841195703
Chr5D	561317483	562762580	Chr5D	564587624	565976360	35	1.0
