cs_chr	cs_start	cs_end	CS_v1_tgt_chr	CS_v1_tgt_start	CS_v1_tgt_end	n_anchors	mean_identity
Chr7A	239033	74955432	Chr7A	239629	71670370	1119	0.9995397676496873
Chr7A	77011021	316231457	Chr7A	73730871	311914665	1597	0.999644959298685
Chr7A	318780197	364830171	Chr7A	314415263	360613751	85	0.9986705882352941
Chr7A	367537951	393376082	Chr7A	362739939	388772773	38	0.9996315789473685
Chr7A	396497557	744483656	Chr7A	391904207	736698014	2647	0.9996728371741594
