cs_chr	cs_start	cs_end	CS_v1_tgt_chr	CS_v1_tgt_start	CS_v1_tgt_end	n_anchors	mean_identity
Chr7D	210218	282517414	Chr7D	210218	280591071	2739	0.9996677619569186
Chr7D	284804194	287605519	Chr7D	282874482	285683835	5	0.9998000000000001
Chr7D	289812212	308999203	Chr7D	287902401	307163278	40	0.999925
Chr7D	311331614	323749465	Chr7D	309504249	321972400	20	0.9986499999999999
Chr7D	326109003	342132821	Chr7D	324339077	340299388	19	0.9999473684210528
Chr7D	344251962	641372486	Chr7D	342405820	637695014	2492	0.9997636436597112
