cs_chr	cs_start	cs_end	Landmark_tgt_chr	Landmark_tgt_start	Landmark_tgt_end	n_anchors	mean_identity
Chr1D	29944	171916820	Chr1D	105108	171374329	1219	0.9959253486464316
Chr1D	176978740	244077016	Chr1D	176433232	244755729	327	0.9994067278287464
Chr1D	246590066	265739242	Chr1D	247250186	266491910	204	0.9994754901960786
Chr1D	268196572	498593762	Chr1D	268951006	499057282	2493	0.9978856799037306
