cs_chr	cs_start	cs_end	Landmark_tgt_chr	Landmark_tgt_start	Landmark_tgt_end	n_anchors	mean_identity
Chr2D	84238	215062920	Chr2D	81620	215228557	2218	0.9982312894499548
Chr2D	217854985	226021304	Chr2D	218032901	226179666	13	0.9996153846153848
Chr2D	228439393	238204054	Chr2D	228594634	238342990	9	0.9992222222222222
Chr2D	240232637	259978877	Chr2D	240371203	260011016	31	1.0
Chr2D	263858571	270527810	Chr2D	260657697	267355463	14	0.999642857142857
Chr2D	273178435	283308056	Chr2D	270630989	283823188	29	0.9987586206896552
Chr2D	285583565	656388761	Chr2D	286099643	656001966	3351	0.9981512981199642
