cs_chr	cs_start	cs_end	Landmark_tgt_chr	Landmark_tgt_start	Landmark_tgt_end	n_anchors	mean_identity
Chr5D	765319	143714900	Chr5D	1947275	146066277	1095	0.9992392694063926
Chr5D	151476064	185711594	Chr5D	151893906	186205364	57	0.9977017543859648
Chr5D	191739975	196532049	Chr5D	190900715	195704021	22	0.9994545454545456
Chr5D	199741740	561135827	Chr5D	198924387	561933719	4012	0.9984855433698904
Chr5D	563701504	569875126	Chr5D	562006842	568160612	122	0.9970081967213114
