cs_chr	cs_start	cs_end	Landmark_tgt_chr	Landmark_tgt_start	Landmark_tgt_end	n_anchors	mean_identity
Chr7A	1169396	74955432	Chr7A	20889	71924385	908	0.9923502202643172
Chr7A	77011021	316231457	Chr7A	73601758	311499406	1534	0.9952477183833116
Chr7A	318780197	364830171	Chr7A	314007190	359560660	82	0.9989390243902438
Chr7A	367537951	393376082	Chr7A	364069350	390187380	37	0.9993513513513516
Chr7A	396497557	744483656	Chr7A	393347290	740106403	2510	0.9963286852589641
