cs_chr	cs_start	cs_end	Fielder_tgt_chr	Fielder_tgt_start	Fielder_tgt_end	n_anchors	mean_identity
Chr1D	75236	169063458	Chr1D	258633	172084490	1280	0.9976289062500001
Chr1D	174112790	241478197	Chr1D	177092397	243950827	333	0.9996546546546546
Chr1D	243970232	263198593	Chr1D	246458703	265572607	206	0.9997718446601942
Chr1D	265672658	473987494	Chr1D	268031900	479121453	2158	0.9993225208526412
Chr1D	482106200	486925438	Chr1D	488304536	493070262	103	0.9996796116504856
Chr1D	473992433	482026208	Chr1D	493148723	501254111	178	0.9990898876404496
Chr1D	487166085	495423156	Chr1D	479349630	488058685	118	0.9983728813559322
