cs_chr	cs_start	cs_end	Fielder_tgt_chr	Fielder_tgt_start	Fielder_tgt_end	n_anchors	mean_identity
Chr2D	34213	212930092	Chr2D	141271	218497325	2218	0.9978868349864743
Chr2D	215731966	223908849	Chr2D	221275602	229403493	13	0.9996153846153847
Chr2D	226334565	236124178	Chr2D	231820222	241581090	10	0.9995
Chr2D	238162860	265066747	Chr2D	243602113	270407797	46	0.9998913043478261
Chr2D	267698311	280652282	Chr2D	273000777	286341629	33	0.9995151515151516
Chr2D	282927919	628593025	Chr2D	288609663	640160289	2754	0.9951601307189544
Chr2D	631932950	635522009	Chr2D	641718115	645407177	73	0.9997671232876713
