cs_chr	cs_start	cs_end	Fielder_tgt_chr	Fielder_tgt_start	Fielder_tgt_end	n_anchors	mean_identity
Chr5D	7119737	18998491	Chr5D	7296658	19265340	103	0.9984271844660194
Chr5D	95790	4266542	Chr5D	3913605	7288199	35	0.9986
Chr5D	20210574	139444399	Chr5D	24116789	147082803	900	0.9995144444444445
Chr5D	150833053	185200167	Chr5D	163040641	197277240	57	0.9985438596491228
Chr5D	187947173	193635424	Chr5D	198670362	207404199	23	0.9991304347826088
Chr5D	196853980	564587624	Chr5D	210605450	586212797	4183	0.998648338513029
Chr5D	564749882	565976360	Chr5D	578079564	579259601	34	0.9996470588235294
