cs_chr	cs_start	cs_end	Fielder_tgt_chr	Fielder_tgt_start	Fielder_tgt_end	n_anchors	mean_identity
Chr7A	239629	2940332	Chr7A	3852666	7701984	39	0.9936923076923077
Chr7A	7584994	71670370	Chr7A	8011123	78879325	770	0.9929285714285714
Chr7A	73730871	146026136	Chr7A	81378077	154530616	685	0.9970627737226279
Chr7A	157596154	161996001	Chr7A	165487491	169314760	15	0.9942666666666666
Chr7A	171535728	311914665	Chr7A	182407958	321938252	683	0.9978257686676429
Chr7A	314415263	356369547	Chr7A	324422544	366623794	82	0.9987682926829269
Chr7A	359051136	360613751	Chr7A	369250505	370792732	3	0.999
Chr7A	362739671	388772773	Chr7A	375951120	403446279	38	0.9996315789473685
Chr7A	391904207	736698014	Chr7A	406566614	758979130	2549	0.9969976461357396
