cs_chr	cs_start	cs_end	Chuanmai104_tgt_chr	Chuanmai104_tgt_start	Chuanmai104_tgt_end	n_anchors	mean_identity
Chr1D	21205	171916820	Chr1D	113454	171893925	1259	0.9974654487688641
Chr1D	176978740	244077016	Chr1D	176905371	243797843	331	0.999676737160121
Chr1D	246590066	265739242	Chr1D	246306132	265417427	204	0.9998676470588235
Chr1D	268196572	498608479	Chr1D	267872970	500236332	2536	0.9986928233438488
