cs_chr	cs_start	cs_end	Chuanmai104_tgt_chr	Chuanmai104_tgt_start	Chuanmai104_tgt_end	n_anchors	mean_identity
Chr2D	84238	215062920	Chr2D	1916267	219444680	2231	0.998378753922008
Chr2D	217854985	226021304	Chr2D	222232318	230373320	13	0.9995384615384617
Chr2D	228439393	238204054	Chr2D	232789253	242551442	10	0.9998000000000001
Chr2D	240232637	259978877	Chr2D	244574084	264106884	32	0.9999375
Chr2D	263858571	270527810	Chr2D	264740130	271432529	14	0.9997857142857144
Chr2D	273178435	283308056	Chr2D	274080146	287258138	29	0.9988620689655172
Chr2D	285583565	656388761	Chr2D	289525570	662106657	3394	0.9986826753093695
