cs_chr	cs_start	cs_end	Chuanmai104_tgt_chr	Chuanmai104_tgt_start	Chuanmai104_tgt_end	n_anchors	mean_identity
Chr4B	233162	86155240	Chr4B	254830	86928927	798	0.9967606516290728
Chr4B	88370406	155154630	Chr4B	89475886	155101867	382	0.996801047120419
Chr4B	157172475	164642854	Chr4B	157100815	165157691	12	0.9997500000000001
Chr4B	167236891	207224234	Chr4B	167745580	208904333	181	0.9995082872928175
Chr4B	212453315	226695727	Chr4B	214089399	228246364	38	0.9995526315789475
Chr4B	229815313	233299063	Chr4B	231348104	234804595	4	0.9995
Chr4B	357330117	428374125	Chr4B	363610740	436490437	341	0.9997038123167156
Chr4B	430804721	673727606	Chr4B	438912995	690001746	1833	0.9968739770867431
