cs_chr	cs_start	cs_end	Chuanmai104_tgt_chr	Chuanmai104_tgt_start	Chuanmai104_tgt_end	n_anchors	mean_identity
Chr5D	298647	143714900	Chr5D	575498	151323176	1135	0.9995180616740088
Chr5D	151476064	185711594	Chr5D	158798997	193081925	58	0.9993275862068964
Chr5D	191739975	196532049	Chr5D	201542978	206305301	23	0.9994347826086956
Chr5D	199741740	569782173	Chr5D	209505347	585124139	4204	0.9984448144624166
