cs_chr	cs_start	cs_end	Chuanmai104_tgt_chr	Chuanmai104_tgt_start	Chuanmai104_tgt_end	n_anchors	mean_identity
Chr7A	239033	74955432	Chr7A	246792	74735354	913	0.9919846659364732
Chr7A	77011021	149795904	Chr7A	77701723	151486699	685	0.996080291970803
Chr7A	160757705	164867228	Chr7A	163467006	168192011	33	0.9908787878787878
Chr7A	176812931	316231457	Chr7A	179565496	319217747	692	0.9977514450867051
Chr7A	318780197	364830171	Chr7A	321703954	368315661	84	0.9993452380952382
Chr7A	367537951	379239272	Chr7A	372406565	383532758	14	1.0
Chr7A	381291784	393376082	Chr7A	385577040	399405347	23	0.999695652173913
Chr7A	396497557	744483656	Chr7A	402526119	753099881	2546	0.9974167321288294
