cs_chr	cs_start	cs_end	Chuanmai104_tgt_chr	Chuanmai104_tgt_start	Chuanmai104_tgt_end	n_anchors	mean_identity
Chr7D	210218	14262469	Chr7D	27758	14122633	205	0.9871902439024388
Chr7D	14961579	282517414	Chr7D	16004224	292649945	2443	0.9989844453540728
Chr7D	284804194	287605519	Chr7D	294959075	297780477	5	0.9958
Chr7D	289812212	308999203	Chr7D	299973521	322029894	40	0.999775
Chr7D	311331614	315519045	Chr7D	324361517	328540933	11	0.9977272727272727
Chr7D	320605710	323749465	Chr7D	330705577	333845095	6	1.0
Chr7D	326109003	342132821	Chr7D	336217028	352124682	19	0.9996315789473685
Chr7D	344251962	642831662	Chr7D	354181810	660171761	2543	0.999326779394416
