cs_chr	cs_start	cs_end	CS_IAAS_tgt_chr	CS_IAAS_tgt_start	CS_IAAS_tgt_end	n_anchors	mean_identity
Chr1A	55218	159522669	Chr1A	49890	162040511	1251	0.9996163069544365
Chr1A	161671479	177484497	Chr1A	164217828	179970024	31	0.999967741935484
Chr1A	179530042	182122609	Chr1A	182172240	184763145	6	1.0
Chr1A	184934985	193518233	Chr1A	187529893	196053104	12	1.0
Chr1A	200578799	202086777	Chr1A	203167071	204664713	5	1.0
Chr1A	204319371	209358469	Chr1A	206883450	211866820	7	1.0
Chr1A	212017564	410154980	Chr1A	214356886	413734431	943	0.9997497348886533
Chr1A	412224586	593997588	Chr1A	415770761	603690242	2043	0.9996554087126776
