cs_chr	cs_start	cs_end	CS_IAAS_tgt_chr	CS_IAAS_tgt_start	CS_IAAS_tgt_end	n_anchors	mean_identity
Chr1D	75236	169063458	Chr1D	1746577	175541793	1300	0.9993984615384616
Chr1D	174112790	241478197	Chr1D	180561106	247423131	335	0.9999910447761192
Chr1D	243970232	263198593	Chr1D	249925956	269041855	174	0.9998103448275861
Chr1D	265672658	495423156	Chr1D	271494098	505231664	2578	0.9997261442979053
