cs_chr	cs_start	cs_end	CS_IAAS_tgt_chr	CS_IAAS_tgt_start	CS_IAAS_tgt_end	n_anchors	mean_identity
Chr2D	34213	212930092	Chr2D	1258169	218389599	2268	0.999731922398589
Chr2D	215731966	223908849	Chr2D	221186087	229334842	13	1.0
Chr2D	226334565	236124178	Chr2D	231745931	241485657	10	0.9996
Chr2D	238162860	265066747	Chr2D	243506513	270459019	46	1.0
Chr2D	267698311	280652282	Chr2D	273075672	286298790	35	1.0
Chr2D	282927919	635522009	Chr2D	288566005	643563757	3121	0.9997561678949055
Chr2D	641485524	646264222	Chr2D	649482271	654260647	114	1.0
Chr2D	635584896	641308171	Chr2D	654437044	660990707	121	0.9993471074380166
