cs_chr	cs_start	cs_end	CS_IAAS_tgt_chr	CS_IAAS_tgt_start	CS_IAAS_tgt_end	n_anchors	mean_identity
Chr5D	27259619	37374984	Chr5D	31871479	42041291	100	0.99929
Chr5D	139925406	142906633	Chr5D	148621668	152045349	4	1.0
Chr5D	150833053	185200167	Chr5D	159480103	193799979	58	0.9988965517241379
Chr5D	187947173	193635424	Chr5D	195666423	205365029	25	0.997
Chr5D	196853980	564587624	Chr5D	208571081	581878781	4271	0.9996806368531959
