cs_chr	cs_start	cs_end	CS_IAAS_tgt_chr	CS_IAAS_tgt_start	CS_IAAS_tgt_end	n_anchors	mean_identity
Chr7D	18218506	277735513	Chr7D	21565106	289699839	2389	0.9997434072833821
Chr7D	282874482	285683864	Chr7D	294868819	297687816	5	0.9906
Chr7D	287902401	307163278	Chr7D	299887631	319036416	41	0.9993170731707317
Chr7D	309504249	321972400	Chr7D	321368080	333753190	20	1.0
Chr7D	324339077	340299388	Chr7D	336118540	351966082	19	1.0
Chr7D	342405820	631639611	Chr7D	354022877	652980799	2430	0.99960987654321
Chr7D	634439939	638667898	Chr7D	653058497	657296330	55	0.9995090909090909
