cs_chr	cs_start	cs_end	CS_IAAS_tgt_chr	CS_IAAS_tgt_start	CS_IAAS_tgt_end	n_anchors	mean_identity
Chr7A	239629	71670370	Chr7A	254042	75156633	1128	0.9992553191489363
Chr7A	73730871	311914665	Chr7A	77676885	319589369	1600	0.9997849999999999
Chr7A	314415263	356369547	Chr7A	322122784	364649114	82	0.9991951219512195
Chr7A	359051136	360613751	Chr7A	367276434	368814388	3	0.999
Chr7A	362739671	388772773	Chr7A	373295927	400806474	38	0.9997368421052633
Chr7A	391904207	736698014	Chr7A	403927787	752083001	2641	0.9997334343051876
