cs_chr	cs_start	cs_end	Stanley_tgt_chr	Stanley_tgt_start	Stanley_tgt_end	n_anchors	mean_identity
Chr1D	21205	171916820	Chr1D	79399	170656576	1206	0.9967222222222224
Chr1D	176978740	244077016	Chr1D	172742386	240196976	324	0.9990895061728396
Chr1D	246590066	265739242	Chr1D	242697106	261880457	208	0.9995528846153844
Chr1D	268196572	498608479	Chr1D	264354088	495628370	2521	0.9983633478778262
