cs_chr	cs_start	cs_end	Stanley_tgt_chr	Stanley_tgt_start	Stanley_tgt_end	n_anchors	mean_identity
Chr2D	84238	215062920	Chr2D	83449	216591802	2228	0.9987275583482944
Chr2D	217854985	226021304	Chr2D	219393111	227502754	13	0.9996153846153847
Chr2D	228439393	238204054	Chr2D	229913751	239715656	10	0.9992000000000001
Chr2D	240232637	259978877	Chr2D	241743091	261427113	31	1.0
Chr2D	263858571	270527810	Chr2D	262073435	268762174	14	0.9996428571428572
Chr2D	273178435	283308056	Chr2D	271449214	285141838	28	0.9986785714285714
Chr2D	285583565	654352731	Chr2D	287414804	657457519	3323	0.9984580198615709
