cs_chr	cs_start	cs_end	Stanley_tgt_chr	Stanley_tgt_start	Stanley_tgt_end	n_anchors	mean_identity
Chr5D	298647	143714900	Chr5D	397240	146928144	1130	0.9991522123893805
Chr5D	151476064	185711594	Chr5D	153076162	187457955	57	0.9988947368421054
Chr5D	191739975	196532049	Chr5D	192365098	197209877	22	0.9994545454545455
Chr5D	199741740	569782173	Chr5D	200422530	572814401	4222	0.998295594504974
