cs_chr	cs_start	cs_end	Stanley_tgt_chr	Stanley_tgt_start	Stanley_tgt_end	n_anchors	mean_identity
Chr5A	5598537	6123230	Chr5A	2932441	3276481	5	0.9958
Chr5A	6869343	8839545	Chr5A	38000	2111555	35	0.9928000000000001
Chr5A	238592814	240640429	Chr5A	262184710	264223294	14	0.9995714285714286
Chr5A	242380439	244024934	Chr5A	258780869	260423235	7	0.9995714285714286
Chr5A	625784	5515715	Chr5A	3352515	8324755	58	0.9903793103448277
Chr5A	9677253	62409843	Chr5A	9323820	63732894	443	0.9955959367945824
Chr5A	65256920	152899436	Chr5A	66575162	155233136	396	0.9960505050505052
Chr5A	156754150	160718182	Chr5A	158798171	162819349	13	1.0
Chr5A	163084098	182449906	Chr5A	165198219	184470724	37	0.9995945945945948
Chr5A	184871905	187078746	Chr5A	186900005	189111852	4	1.0
Chr5A	192446609	200581324	Chr5A	194493981	202679184	16	0.998875
Chr5A	204816399	224020772	Chr5A	206944756	226138830	31	0.9997096774193548
Chr5A	226098410	235234740	Chr5A	228224528	237420464	24	0.9967083333333333
Chr5A	247866626	251028605	Chr5A	249218354	254918890	8	1.0
Chr5A	259606122	428812755	Chr5A	264726824	433657576	892	0.9981793721973093
Chr5A	431918117	713328361	Chr5A	433956057	715336204	3217	0.9955194280385453
