cs_chr	cs_start	cs_end	Spelt_tgt_chr	Spelt_tgt_start	Spelt_tgt_end	n_anchors	mean_identity
Chr1A	55218	159522669	Chr1A	29550	162292533	1174	0.9951618398637138
Chr1A	161671479	171020640	Chr1A	164462652	173999121	20	0.9964000000000001
Chr1A	200578799	202086777	Chr1A	203131871	204607866	5	0.9953999999999998
Chr1A	204319371	209358469	Chr1A	206808501	211807971	7	0.9965714285714286
Chr1A	212017564	410154980	Chr1A	214420179	414783137	914	0.9955667396061267
Chr1A	412459137	420515127	Chr1A	417186766	425689101	24	0.9965
Chr1A	423163477	593789748	Chr1A	427490562	599521333	1881	0.9936166932482722
