cs_chr	cs_start	cs_end	Spelt_tgt_chr	Spelt_tgt_start	Spelt_tgt_end	n_anchors	mean_identity
Chr1D	75236	169063458	Chr1D	79888	167862533	1276	0.9971434169278997
Chr1D	174112790	241478197	Chr1D	172884532	239678037	335	0.999823880597015
Chr1D	243970232	263198593	Chr1D	242179996	261280192	192	0.9989583333333334
Chr1D	265672658	495423156	Chr1D	263739504	493182166	2560	0.9991636718750001
