cs_chr	cs_start	cs_end	Spelt_tgt_chr	Spelt_tgt_start	Spelt_tgt_end	n_anchors	mean_identity
Chr2D	34213	212930092	Chr2D	81975	213427329	2198	0.9980718835304824
Chr2D	215731966	223908849	Chr2D	216188560	224317608	13	0.9994615384615385
Chr2D	226334565	236124178	Chr2D	226733511	236461369	10	0.9995
Chr2D	238162860	265066747	Chr2D	238482378	265289952	46	0.9998260869565219
Chr2D	267698311	280652282	Chr2D	267885481	281154444	32	0.99659375
Chr2D	282927919	635522009	Chr2D	283901938	634951392	3071	0.998695864539238
Chr2D	641949622	646949341	Chr2D	640176412	645123532	119	0.9988655462184874
