cs_chr	cs_start	cs_end	Spelt_tgt_chr	Spelt_tgt_start	Spelt_tgt_end	n_anchors	mean_identity
Chr4B	234405	83143343	Chr4B	571581	81474267	763	0.9933604193971166
Chr4B	85363222	152088859	Chr4B	83758765	150328576	383	0.9973524804177546
Chr4B	154112314	161625531	Chr4B	152326739	159724446	12	0.9998333333333335
Chr4B	163837175	203850975	Chr4B	162255598	202029031	181	0.9991491712707182
Chr4B	206794132	221706715	Chr4B	204931839	219728699	39	0.9996153846153846
Chr4B	295046802	296948857	Chr4B	290262492	292165091	3	1.0
Chr4B	357909130	429353205	Chr4B	354110344	424664280	337	0.9975459940652819
Chr4B	431793129	673534850	Chr4B	427093204	668928458	1807	0.9954714997232983
