cs_chr	cs_start	cs_end	Spelt_tgt_chr	Spelt_tgt_start	Spelt_tgt_end	n_anchors	mean_identity
Chr5D	95790	142906633	Chr5D	400659	147718448	1098	0.9993242258652095
Chr5D	150833053	185200167	Chr5D	154257830	188393120	59	0.9967288135593221
Chr5D	187947173	193635424	Chr5D	190272408	200910491	24	0.9993333333333334
Chr5D	196853980	564587624	Chr5D	204120565	573250367	4169	0.9987562964739745
Chr5D	557505020	558032705	Chr5D	571072317	571594368	13	1.0
Chr5D	564749882	565976360	Chr5D	565731249	566933848	34	0.9996470588235294
