cs_chr	cs_start	cs_end	Spelt_tgt_chr	Spelt_tgt_start	Spelt_tgt_end	n_anchors	mean_identity
Chr7D	984441	5461632	Chr7D	2629015	7551384	108	0.9963611111111109
Chr7D	8746629	277735513	Chr7D	10405696	278952810	2459	0.9988186254575031
Chr7D	282874482	285683864	Chr7D	284062503	286896082	5	0.9865999999999999
Chr7D	287902401	307163278	Chr7D	289093533	311037038	41	0.9989756097560976
Chr7D	309504249	313709460	Chr7D	313368531	317543852	10	1.0
Chr7D	318812712	321972400	Chr7D	319702344	322594174	6	1.0
Chr7D	324339077	340299388	Chr7D	324931163	340744895	19	0.9997894736842107
Chr7D	342405820	637695014	Chr7D	342801203	638016271	2493	0.9990870437224229
