cs_chr	cs_start	cs_end	Spelt_tgt_chr	Spelt_tgt_start	Spelt_tgt_end	n_anchors	mean_identity
Chr7A	239629	71670370	Chr7A	198120	73971477	856	0.9894602803738318
Chr7A	73730871	146026136	Chr7A	76517146	148579849	651	0.9944285714285716
Chr7A	157229950	161738248	Chr7A	159819468	165050884	15	0.9935999999999999
Chr7A	171535728	281376791	Chr7A	176710866	283999839	561	0.9971782531194294
Chr7A	284112124	311914665	Chr7A	286776648	314342543	117	0.9989829059829061
Chr7A	314415263	356369547	Chr7A	316828691	358461730	82	0.9988048780487805
Chr7A	359051136	360613751	Chr7A	361081031	362615362	3	0.999
Chr7A	362739671	388772773	Chr7A	367060760	393239317	37	0.9996486486486487
Chr7A	391904207	736698014	Chr7A	396354869	737438290	2503	0.9962892528965241
