cs_chr	cs_start	cs_end	Aikang58_tgt_chr	Aikang58_tgt_start	Aikang58_tgt_end	n_anchors	mean_identity
Chr1D	21205	171916820	Chr1D	65548	169254436	1254	0.9969298245614034
Chr1D	176978740	244077016	Chr1D	174406579	242437546	328	0.9994115853658537
Chr1D	246590066	265739242	Chr1D	244945890	264018059	206	0.9997233009708737
Chr1D	268196572	498608479	Chr1D	266567825	499034574	2548	0.9992806122448981
