cs_chr	cs_start	cs_end	Aikang58_tgt_chr	Aikang58_tgt_start	Aikang58_tgt_end	n_anchors	mean_identity
Chr2D	84238	215062920	Chr2D	13458	215169210	2228	0.9986835727109515
Chr2D	217854985	226021304	Chr2D	218006207	226259852	13	0.9995384615384617
Chr2D	228439393	238204054	Chr2D	228679937	238336969	10	0.9998000000000001
Chr2D	240232637	259978877	Chr2D	240368154	260120922	32	0.9998125
Chr2D	263858571	270527810	Chr2D	260775539	267542923	14	0.9994285714285713
Chr2D	273178435	283308056	Chr2D	270324894	284107157	29	0.9986551724137931
Chr2D	285583565	632711942	Chr2D	286259317	635638784	2997	0.9988328328328329
Chr2D	642404576	647302491	Chr2D	644613405	649289130	98	0.9992244897959184
