cs_chr	cs_start	cs_end	Aikang58_tgt_chr	Aikang58_tgt_start	Aikang58_tgt_end	n_anchors	mean_identity
Chr7A	239033	74955432	Chr7A	301686	75488909	834	0.990630695443645
Chr7A	77011021	129805453	Chr7A	77087092	130507994	500	0.996524
Chr7A	132528909	149795904	Chr7A	130667403	147301064	130	0.9941230769230768
Chr7A	159024101	174598515	Chr7A	160269259	175583321	128	0.9943046875
Chr7A	192203231	316231457	Chr7A	193715078	318115906	597	0.9977604690117252
Chr7A	318780197	364830171	Chr7A	320636686	366584518	82	0.9992682926829268
Chr7A	367537951	393376082	Chr7A	371782891	397636967	37	0.9996486486486488
Chr7A	396497557	744483656	Chr7A	400828754	747296503	2459	0.9951309475396504
