cs_chr	cs_start	cs_end	Aikang58_tgt_chr	Aikang58_tgt_start	Aikang58_tgt_end	n_anchors	mean_identity
Chr7D	210218	282517414	Chr7D	334888	285340040	2660	0.9985330827067669
Chr7D	284804194	287605519	Chr7D	287597871	290457089	5	0.9958
Chr7D	289812212	308999203	Chr7D	292664692	314743950	40	0.9996750000000001
Chr7D	311331614	315519045	Chr7D	317119113	321216616	11	0.9977272727272727
Chr7D	320605710	323749465	Chr7D	323414676	326590140	6	1.0
Chr7D	326109003	342132821	Chr7D	328974063	345524088	19	0.9996315789473685
Chr7D	344251962	639089097	Chr7D	347854363	644729340	2398	0.9983824020016681
Chr7D	639419812	640992458	Chr7D	638360114	639994510	50	0.99992
