cs_chr	cs_start	cs_end	Aikang58_tgt_chr	Aikang58_tgt_start	Aikang58_tgt_end	n_anchors	mean_identity
Chr7B	34602	157786263	Chr7B	45163	157846177	1172	0.9960955631399318
Chr7B	303041226	304354198	Chr7B	299874065	301047852	3	1.0
Chr7B	311571913	321770729	Chr7B	308824862	318874078	19	0.9998421052631581
Chr7B	341444503	342648507	Chr7B	342592362	343706026	3	0.9973333333333333
Chr7B	362128535	393308791	Chr7B	358023371	393815542	132	0.9983333333333335
Chr7B	396179589	410599513	Chr7B	396718740	410879858	52	0.9993846153846153
Chr7B	413179671	423778078	Chr7B	413499167	424107929	45	0.9995777777777778
Chr7B	425791676	545780843	Chr7B	426124132	546999127	775	0.9989600000000001
Chr7B	547795684	760862477	Chr7B	549041513	757725664	1544	0.9930233160621762
