cs_chr	cs_start	cs_end	Cadenza_v2_tgt_chr	Cadenza_v2_tgt_start	Cadenza_v2_tgt_end	n_anchors	mean_identity
Chr1D	21205	171916820	Chr1D	99966	171691453	1221	0.9963407043407044
Chr1D	176978740	244077016	Chr1D	173629481	240515068	329	0.9994741641337386
Chr1D	246590066	265739242	Chr1D	243022897	262131991	208	0.9998028846153846
Chr1D	268196572	498608479	Chr1D	264596766	496574944	2436	0.9967885878489328
