cs_chr	cs_start	cs_end	Cadenza_v2_tgt_chr	Cadenza_v2_tgt_start	Cadenza_v2_tgt_end	n_anchors	mean_identity
Chr2D	84238	686218	Chr2D	337273	933494	15	0.9998
Chr2D	2040455	215062920	Chr2D	3008615	222183239	2181	0.9976717102246676
Chr2D	217854985	226021304	Chr2D	224968309	233099620	13	0.9993846153846154
Chr2D	228439393	238204054	Chr2D	235517901	245251727	10	0.9998000000000001
Chr2D	240232637	259978877	Chr2D	247272466	266792920	32	1.0
Chr2D	263858571	270527810	Chr2D	267434302	274092469	14	0.9998571428571429
Chr2D	273178435	283308056	Chr2D	276714289	290096618	30	0.9988666666666667
Chr2D	285583565	585491019	Chr2D	292364097	595895816	2211	0.997640434192673
Chr2D	587518411	656399205	Chr2D	596454951	670799399	953	0.9857397691500526
