cs_chr	cs_start	cs_end	Cadenza_v2_tgt_chr	Cadenza_v2_tgt_start	Cadenza_v2_tgt_end	n_anchors	mean_identity
Chr3D	21214157	116955327	Chr3D	28232875	135240435	968	0.9995113636363637
Chr3D	119094314	145655212	Chr3D	137370337	163948279	160	0.9996875
Chr3D	147725835	194192900	Chr3D	166056357	213118708	260	0.9996846153846154
Chr3D	197544325	200969144	Chr3D	216478079	219897661	5	0.9998000000000001
Chr3D	203187169	203224239	Chr3D	222414023	222450073	4	1.0
Chr3D	207531742	214535149	Chr3D	226747669	233701209	11	0.9998181818181819
Chr3D	216957444	220088873	Chr3D	236102641	239215160	6	1.0
Chr3D	226016244	232933791	Chr3D	245362792	252265014	13	0.9998461538461539
Chr3D	235055553	258632836	Chr3D	254379157	277951313	42	0.9999285714285716
Chr3D	260879965	492833467	Chr3D	280195127	511629336	1671	0.9993608617594254
Chr3D	495347019	619489515	Chr3D	514595141	637498858	1598	0.997921151439299
