cs_chr	cs_start	cs_end	Cadenza_v2_tgt_chr	Cadenza_v2_tgt_start	Cadenza_v2_tgt_end	n_anchors	mean_identity
Chr4D	410644	141272747	Chr4D	229761	143110215	1424	0.999306882022472
Chr4D	143939177	159173700	Chr4D	145760562	160980300	18	0.9993333333333332
Chr4D	163710731	183649096	Chr4D	165544254	186002664	27	0.9997407407407408
Chr4D	188969484	192971731	Chr4D	192964041	196995191	6	0.9996666666666666
Chr4D	195239705	198785582	Chr4D	199263786	202803262	7	0.9997142857142858
Chr4D	201663396	212424003	Chr4D	206067046	219219953	26	0.9998846153846156
Chr4D	214566503	228344802	Chr4D	221350465	235103344	23	0.998826086956522
Chr4D	230503918	238850566	Chr4D	237298169	245609357	11	0.9994545454545456
Chr4D	241150325	249170093	Chr4D	247899490	256744127	18	0.9993888888888888
Chr4D	251744642	256746015	Chr4D	259314470	264308214	7	0.999
Chr4D	259082246	261473317	Chr4D	266629212	269026467	6	0.9996666666666668
Chr4D	264155329	268258812	Chr4D	271699955	275783801	7	0.998142857142857
Chr4D	270831155	284417863	Chr4D	278344011	291903295	19	0.9975789473684212
Chr4D	286726699	329466878	Chr4D	294185105	337117807	223	0.9991659192825112
Chr4D	331779306	375686787	Chr4D	339422864	383464962	303	0.9997161716171616
Chr4D	377775997	409550678	Chr4D	385589857	419909725	235	0.9994553191489364
Chr4D	412602740	514856841	Chr4D	423464665	529990197	1192	0.9992810402684564
