cs_chr	cs_start	cs_end	Cadenza_v2_tgt_chr	Cadenza_v2_tgt_start	Cadenza_v2_tgt_end	n_anchors	mean_identity
Chr4B	233162	86155240	Chr4B	259386	87014060	818	0.9972848410757946
Chr4B	88370406	155154630	Chr4B	89240944	155841346	393	0.9992290076335878
Chr4B	157172475	164642854	Chr4B	157840222	165332449	12	0.9999166666666668
Chr4B	167236891	207224234	Chr4B	167908076	209236425	181	0.9994696132596688
Chr4B	212453315	226695727	Chr4B	214421194	234829663	38	0.9991315789473686
Chr4B	258340474	259633738	Chr4B	267693905	268966487	4	1.0
Chr4B	316087883	317325008	Chr4B	326955710	328178162	5	0.9986
Chr4B	357330117	428374125	Chr4B	364842931	439325602	340	0.9986617647058822
Chr4B	430804721	673727606	Chr4B	441688443	691744283	1832	0.9963340611353712
