cs_chr	cs_start	cs_end	Cadenza_v2_tgt_chr	Cadenza_v2_tgt_start	Cadenza_v2_tgt_end	n_anchors	mean_identity
Chr5D	298647	143714900	Chr5D	569085	152846368	1126	0.9986740674955596
Chr5D	151476064	185711594	Chr5D	160278651	194557573	57	0.9986491228070176
Chr5D	191739975	196532049	Chr5D	199739548	204518084	22	0.9994545454545456
Chr5D	199741740	569782173	Chr5D	207709409	581997146	4217	0.998391984823334
