cs_chr	cs_start	cs_end	Cadenza_v2_tgt_chr	Cadenza_v2_tgt_start	Cadenza_v2_tgt_end	n_anchors	mean_identity
Chr6D	52671	27630303	Chr6D	34563	27909162	523	0.9985736137667304
Chr6D	32741204	38579793	Chr6D	32925764	41038584	94	0.9996170212765956
Chr6D	41537060	46120294	Chr6D	44067210	48608228	67	0.9992388059701492
Chr6D	49876700	56759409	Chr6D	55434299	63382521	59	0.9987118644067796
Chr6D	64544097	186375773	Chr6D	71853085	193576047	949	0.999308746048472
Chr6D	188380630	235958205	Chr6D	195556022	242121475	75	0.9998666666666666
Chr6D	238222872	248745870	Chr6D	244594315	255095939	15	0.9994
Chr6D	253451229	261093398	Chr6D	259798426	267425364	12	0.9996666666666668
Chr6D	263489417	302615547	Chr6D	269819773	310657716	144	0.9989930555555556
Chr6D	304859324	436495956	Chr6D	312885436	444338506	1031	0.9996129970902038
Chr6D	439160889	495303957	Chr6D	446989825	504921403	898	0.9947884187082406
