cs_chr	cs_start	cs_end	Cadenza_v2_tgt_chr	Cadenza_v2_tgt_start	Cadenza_v2_tgt_end	n_anchors	mean_identity
Chr7A	150446304	160764533	Chr7A	166216743	177146330	76	0.9952500000000001
Chr7A	166120232	177718876	Chr7A	150221734	161484736	98	0.9952142857142856
Chr7A	239033	74955432	Chr7A	243831	73433954	867	0.9916562860438293
Chr7A	77011021	149795904	Chr7A	76388339	149518341	684	0.9965540935672516
Chr7A	160921053	164867228	Chr7A	161498597	166071369	31	0.9904193548387098
Chr7A	176812931	316231457	Chr7A	177597061	317266615	693	0.9977532467532467
Chr7A	318780197	364830171	Chr7A	319752098	366326702	84	0.9993452380952382
Chr7A	367537951	393376082	Chr7A	370417630	397426747	38	0.9995789473684212
Chr7A	396497557	744483656	Chr7A	400547528	754687245	2551	0.9963347706781653
