cs_chr	cs_start	cs_end	ArinaLrFor_tgt_chr	ArinaLrFor_tgt_start	ArinaLrFor_tgt_end	n_anchors	mean_identity
Chr1D	85144	169063458	Chr1D	79763	167357172	1231	0.996251015434606
Chr1D	174112790	241478197	Chr1D	169316963	236311470	332	0.9998463855421688
Chr1D	243970232	263198593	Chr1D	238815168	257942148	206	0.999626213592233
Chr1D	265672658	495423156	Chr1D	260403181	490408475	2563	0.9991396800624269
