cs_chr	cs_start	cs_end	ArinaLrFor_tgt_chr	ArinaLrFor_tgt_start	ArinaLrFor_tgt_end	n_anchors	mean_identity
Chr4B	234405	83143343	Chr4B	67205	82978355	778	0.9951028277634961
Chr4B	85363222	152088859	Chr4B	85213978	151841620	388	0.9992061855670104
Chr4B	154112314	161625531	Chr4B	153833014	161255090	12	0.99975
Chr4B	163837175	203850975	Chr4B	163758002	203590072	180	0.9994500000000001
Chr4B	206794132	223387060	Chr4B	206493713	223014589	43	0.9998372093023257
Chr4B	226512235	230010047	Chr4B	226134963	229594637	4	1.0
Chr4B	295046802	296948857	Chr4B	294847345	296747579	3	1.0
Chr4B	357909130	429353205	Chr4B	360248730	431030839	336	0.9975595238095236
Chr4B	431793129	671845017	Chr4B	433400882	676728930	1787	0.9960895355344154
