cs_chr	cs_start	cs_end	ArinaLrFor_tgt_chr	ArinaLrFor_tgt_start	ArinaLrFor_tgt_end	n_anchors	mean_identity
Chr5D	5101272	7016867	Chr5D	403123	2290454	72	0.9997777777777779
Chr5D	95790	4331800	Chr5D	2634073	7040755	55	0.9967272727272727
Chr5D	7119737	142906633	Chr5D	7049214	148201446	1004	0.9993735059760958
Chr5D	150833053	185200167	Chr5D	154852334	189012234	58	0.9979655172413794
Chr5D	187947173	193635424	Chr5D	190537331	201636032	24	0.9953333333333334
Chr5D	196853980	557397579	Chr5D	204846130	567210223	4069	0.9989208650774146
Chr5D	559419241	564587624	Chr5D	571633370	577856938	75	0.9813466666666667
Chr5D	557505020	559371115	Chr5D	574358779	576194768	38	0.992263157894737
Chr5D	564749882	565976360	Chr5D	567222035	568428495	34	0.9999705882352942
