cs_chr	cs_start	cs_end	ArinaLrFor_tgt_chr	ArinaLrFor_tgt_start	ArinaLrFor_tgt_end	n_anchors	mean_identity
Chr7A	239629	8549338	Chr7A	5661490	13304093	140	0.9883142857142857
Chr7A	13626624	71144972	Chr7A	13624452	74332528	670	0.9931283582089552
Chr7A	73746773	146026136	Chr7A	77248932	157288727	680	0.9968000000000001
Chr7A	157007452	164792920	Chr7A	165252391	173999188	59	0.9954915254237289
Chr7A	171535728	311914665	Chr7A	185298948	324525896	683	0.9977306002928258
Chr7A	314415263	356369547	Chr7A	327021441	368670208	81	0.9986296296296298
Chr7A	359051136	360613751	Chr7A	371318816	372881274	3	0.999
Chr7A	362739671	388772773	Chr7A	377721689	403591216	37	0.9996486486486487
Chr7A	391904207	736563182	Chr7A	406722450	756299637	2475	0.9953834343434342
