cs_chr	cs_start	cs_end	Lancer_tgt_chr	Lancer_tgt_start	Lancer_tgt_end	n_anchors	mean_identity
Chr1D	2066891	42845492	Chr1D	213751	42364927	503	0.9946322067594434
Chr1D	45079614	169063458	Chr1D	45102342	167665257	674	0.9985400593471809
Chr1D	174112790	241478197	Chr1D	172665057	239515608	335	0.999797014925373
Chr1D	243970232	263198593	Chr1D	242002554	260966133	179	0.9997988826815642
Chr1D	265672658	495233777	Chr1D	263410068	491670694	2560	0.9993023437499999
