cs_chr	cs_start	cs_end	Lancer_tgt_chr	Lancer_tgt_start	Lancer_tgt_end	n_anchors	mean_identity
Chr2D	34213	212930092	Chr2D	90210	212272666	2193	0.9984464204286365
Chr2D	215731966	223908849	Chr2D	215042015	223147470	13	0.9995384615384617
Chr2D	226334565	236124178	Chr2D	225533004	235219843	10	0.9995
Chr2D	238162860	265066747	Chr2D	237235897	264010821	46	0.9998913043478261
Chr2D	267698311	280652282	Chr2D	266657330	279823971	35	0.9995714285714286
Chr2D	282927919	635522009	Chr2D	282089390	631957582	3061	0.9988722639660242
