cs_chr	cs_start	cs_end	Lancer_tgt_chr	Lancer_tgt_start	Lancer_tgt_end	n_anchors	mean_identity
Chr5D	95790	3766301	Chr5D	3761487	7229324	47	0.9985744680851064
Chr5D	7566214	142906633	Chr5D	7659897	144938426	995	0.9994231155778894
Chr5D	150833053	185200167	Chr5D	151036340	185085451	57	0.9975438596491228
Chr5D	187947173	193635424	Chr5D	187093186	196646793	24	0.9982083333333334
Chr5D	196853980	564587624	Chr5D	199839802	567997228	4180	0.9982334928229665
