cs_chr	cs_start	cs_end	Lancer_tgt_chr	Lancer_tgt_start	Lancer_tgt_end	n_anchors	mean_identity
Chr7D	210218	277735513	Chr7D	379036	277820865	2649	0.9984884862212156
Chr7D	282874482	285683864	Chr7D	282876073	285708570	5	0.9865999999999999
Chr7D	287902401	307163278	Chr7D	287911730	309898847	41	0.9990975609756098
Chr7D	309504249	313709460	Chr7D	312199777	316365085	11	1.0
Chr7D	318812712	321972400	Chr7D	318489215	321402505	6	1.0
Chr7D	324339077	340299388	Chr7D	323758901	339652171	18	0.9997777777777779
Chr7D	342405820	638667898	Chr7D	341728195	635011224	2524	0.9992202852614898
