cs_chr	cs_start	cs_end	Lancer_tgt_chr	Lancer_tgt_start	Lancer_tgt_end	n_anchors	mean_identity
Chr7B	34838	154814815	Chr7B	3278	155330596	1172	0.9953643344709898
Chr7B	310413787	312442469	Chr7B	309058682	310449691	5	0.9952
Chr7B	357994137	389109218	Chr7B	350116029	383549257	130	0.9971615384615384
Chr7B	392802570	403564131	Chr7B	383878550	394610817	44	0.9957045454545456
Chr7B	408568404	413973438	Chr7B	398342592	403824600	31	0.9965161290322581
Chr7B	417614739	419042240	Chr7B	404055880	405441919	11	0.9994545454545455
Chr7B	421064524	541167218	Chr7B	407434985	531719910	751	0.9955312916111851
Chr7B	543188151	734772755	Chr7B	533765943	722983110	1409	0.9911696238466998
Chr7B	741244408	750609249	Chr7B	720549825	735726691	94	0.9807127659574468
