cs_chr	cs_start	cs_end	Lancer_tgt_chr	Lancer_tgt_start	Lancer_tgt_end	n_anchors	mean_identity
Chr7A	239629	11311351	Chr7A	3341665	13725458	132	0.9791060606060608
Chr7A	14618995	71670370	Chr7A	14017884	71429848	707	0.994159830268741
Chr7A	73730871	146026136	Chr7A	72421783	145258397	692	0.9969739884393063
Chr7A	157007452	161280272	Chr7A	156945651	161953145	16	0.9940625
Chr7A	172234378	311914665	Chr7A	173302383	311306565	684	0.9979005847953217
Chr7A	314415263	356369547	Chr7A	313794864	355330815	81	0.9985925925925926
Chr7A	359051136	360613751	Chr7A	357965521	359483255	3	0.999
Chr7A	362739671	388772773	Chr7A	363694486	388933327	37	0.9996486486486487
Chr7A	391904207	736563182	Chr7A	392060659	734463570	2481	0.995918984280532
