cs_chr	cs_start	cs_end	CS_CAU_tgt_chr	CS_CAU_tgt_start	CS_CAU_tgt_end	n_anchors	mean_identity
Chr1A	55218	159522669	Chr1A	173874	161880945	1249	0.9996148919135308
Chr1A	161671479	177484497	Chr1A	164058252	179810100	29	0.9999655172413794
Chr1A	179530042	182122609	Chr1A	182012245	184603111	6	1.0
Chr1A	184934985	193518233	Chr1A	187369846	195892955	12	1.0
Chr1A	200578799	202086777	Chr1A	203006850	204504481	5	1.0
Chr1A	204319371	209358469	Chr1A	206723215	211706541	7	1.0
Chr1A	212017564	410154980	Chr1A	214196601	412825524	939	0.9997529286474973
Chr1A	412224586	593997588	Chr1A	414861835	602078171	2041	0.9995913767760902
