cs_chr	cs_start	cs_end	CS_CAU_tgt_chr	CS_CAU_tgt_start	CS_CAU_tgt_end	n_anchors	mean_identity
Chr1D	2066891	2887047	Chr1D	142728	1008246	26	1.0
Chr1D	75236	169063458	Chr1D	1763598	174908128	1295	0.9993791505791505
Chr1D	174112790	241478197	Chr1D	179927438	246788661	334	0.9997275449101796
Chr1D	243970232	263198593	Chr1D	249291473	268406629	194	0.9999690721649483
Chr1D	265672658	495423156	Chr1D	270858847	503901627	2574	0.9996639471639472
