cs_chr	cs_start	cs_end	CS_CAU_tgt_chr	CS_CAU_tgt_start	CS_CAU_tgt_end	n_anchors	mean_identity
Chr2D	34213	212930092	Chr2D	238321	216593839	2265	0.9997328918322296
Chr2D	215731966	223908849	Chr2D	219445722	227594410	13	1.0
Chr2D	226334565	236124178	Chr2D	230005471	239745161	10	0.9996
Chr2D	238162860	265066747	Chr2D	241766070	268790205	46	1.0
Chr2D	267698311	280652282	Chr2D	271406825	284629815	34	1.0
Chr2D	282927919	635522009	Chr2D	286896994	641683744	3118	0.9997389352148812
Chr2D	641485524	646418535	Chr2D	647444444	652379886	113	0.9999557522123894
Chr2D	635584896	641308171	Chr2D	652556279	659109756	119	0.9993697478991597
