cs_chr	cs_start	cs_end	CS_CAU_tgt_chr	CS_CAU_tgt_start	CS_CAU_tgt_end	n_anchors	mean_identity
Chr5D	5793911	7016867	Chr5D	4362443	5565561	53	0.9997358490566038
Chr5D	95790	142906633	Chr5D	537924	152073844	1075	0.9996827906976743
Chr5D	150833053	185200167	Chr5D	158620398	192940112	57	0.9988771929824561
Chr5D	187947173	193635424	Chr5D	194806585	204112933	25	0.997
Chr5D	196853980	564123032	Chr5D	207318884	580147472	4272	0.9996544943820224
Chr5D	564749882	565976360	Chr5D	571378903	572582010	34	1.0
