cs_chr	cs_start	cs_end	CS_CAU_tgt_chr	CS_CAU_tgt_start	CS_CAU_tgt_end	n_anchors	mean_identity
Chr7A	239629	71670370	Chr7A	303329	75177149	1122	0.99924688057041
Chr7A	73730871	311914665	Chr7A	77675652	319103595	1599	0.9997742338961851
Chr7A	314415263	356369547	Chr7A	321641525	363798036	81	0.9991851851851852
Chr7A	359051136	360613751	Chr7A	366425342	367963290	3	0.999
Chr7A	362739671	388772773	Chr7A	372444827	399951982	38	0.9997368421052633
Chr7A	391904207	736698014	Chr7A	403073285	750209987	2647	0.9997295051001134
