cs_chr	cs_start	cs_end	CS_CAU_tgt_chr	CS_CAU_tgt_start	CS_CAU_tgt_end	n_anchors	mean_identity
Chr7D	14421585	277735513	Chr7D	18164150	289298295	2450	0.9997432653061225
Chr7D	282874482	285683864	Chr7D	294469802	297288798	5	0.9906
Chr7D	287902401	307163278	Chr7D	299488596	318637367	39	0.9986153846153846
Chr7D	309504249	321972400	Chr7D	320969014	333354067	20	1.0
Chr7D	324339077	340299388	Chr7D	335719421	351566626	19	1.0
Chr7D	342405820	631639611	Chr7D	353623423	652986897	2426	0.9996014014839241
Chr7D	634769151	638667898	Chr7D	653088704	657005692	42	1.0
