cs_chr	cs_start	cs_end	Renan_v2_tgt_chr	Renan_v2_tgt_start	Renan_v2_tgt_end	n_anchors	mean_identity
Chr1D	21205	13947007	Chr1D	13035	15308610	286	0.9894020979020981
Chr1D	17079497	171916820	Chr1D	15725041	169643346	860	0.9907151162790697
Chr1D	176978740	188805461	Chr1D	171940900	183706374	22	0.9939090909090907
Chr1D	191126548	244077016	Chr1D	186036949	238864822	270	0.9911444444444444
Chr1D	246590066	265739242	Chr1D	241370991	260489686	156	0.9929615384615383
Chr1D	268196572	498608479	Chr1D	262949752	494504304	2353	0.9905244368890779
