cs_chr	cs_start	cs_end	Renan_v2_tgt_chr	Renan_v2_tgt_start	Renan_v2_tgt_end	n_anchors	mean_identity
Chr1A	79742	161541694	Chr1A	5459	160050180	1084	0.9868182656826566
Chr1A	165400040	172995779	Chr1A	163793748	172001715	16	0.9901875
Chr1A	202719482	204217307	Chr1A	201265621	202760758	5	0.993
Chr1A	206439950	211446295	Chr1A	204991496	209983442	8	0.993
Chr1A	214015968	215899220	Chr1A	211756804	213030105	5	0.9960000000000001
Chr1A	218414024	411777219	Chr1A	215185281	407502346	829	0.9888552472858866
Chr1A	416884180	422384517	Chr1A	409873048	418907534	19	0.9947894736842106
Chr1A	425145222	598556974	Chr1A	420780160	593816418	1764	0.9864603174603175
