cs_chr	cs_start	cs_end	Renan_v2_tgt_chr	Renan_v2_tgt_start	Renan_v2_tgt_end	n_anchors	mean_identity
Chr2D	84238	12803074	Chr2D	142539	14079541	270	0.9897444444444444
Chr2D	12910660	185870857	Chr2D	17679977	194680001	1612	0.9885638957816377
Chr2D	188557436	215062920	Chr2D	197369592	224753007	133	0.9928421052631579
Chr2D	217854985	226021304	Chr2D	227956361	236091967	12	0.9921666666666665
Chr2D	228439393	238204054	Chr2D	238524836	248309389	10	0.9927999999999999
Chr2D	240232637	259978877	Chr2D	250330003	269920848	30	0.9920666666666665
Chr2D	263858571	270527810	Chr2D	270899357	277576893	12	0.9938333333333332
Chr2D	273178435	283308056	Chr2D	280184700	293622568	29	0.991551724137931
Chr2D	285583565	466204048	Chr2D	295893119	477916500	1011	0.991164193867458
Chr2D	468960180	585491019	Chr2D	480668471	599795829	985	0.9857218274111675
Chr2D	587518411	612360364	Chr2D	600411953	627342681	166	0.9442289156626503
Chr2D	622558206	652294640	Chr2D	631012235	661777666	471	0.9874968152866241
Chr2D	611421482	611858620	Chr2D	628364236	629525950	11	0.9488181818181819
Chr2D	612356951	612710944	Chr2D	629835592	630427753	8	0.95425
