cs_chr	cs_start	cs_end	Renan_v2_tgt_chr	Renan_v2_tgt_start	Renan_v2_tgt_end	n_anchors	mean_identity
Chr5D	476594	19135368	Chr5D	118785	19726456	193	0.9937409326424872
Chr5D	21342958	143714900	Chr5D	21953280	144337057	822	0.9905729927007298
Chr5D	151476064	167661812	Chr5D	149558779	165933078	18	0.9939444444444444
Chr5D	170138566	182421388	Chr5D	168369685	180649349	28	0.993107142857143
Chr5D	184556359	185711594	Chr5D	182778749	183944745	5	0.9914
Chr5D	191739975	196532049	Chr5D	189468813	194233444	20	0.9918
Chr5D	199741740	569782173	Chr5D	197436500	569535472	3967	0.991143937484245
