cs_chr	cs_start	cs_end	SY_Mattis_tgt_chr	SY_Mattis_tgt_start	SY_Mattis_tgt_end	n_anchors	mean_identity
Chr1D	209910	169063458	Chr1D	80556	166578228	1255	0.9971896414342629
Chr1D	174112790	241478197	Chr1D	168486800	235306423	332	0.9997771084337349
Chr1D	243970232	263198593	Chr1D	237792635	256901084	201	0.9996069651741293
Chr1D	265672658	495423156	Chr1D	259360601	486202501	2548	0.9991248037676611
