cs_chr	cs_start	cs_end	SY_Mattis_tgt_chr	SY_Mattis_tgt_start	SY_Mattis_tgt_end	n_anchors	mean_identity
Chr2D	34213	212930092	Chr2D	80176	213123338	2198	0.998167424931756
Chr2D	215731966	223908849	Chr2D	215910117	224033894	13	0.9996153846153847
Chr2D	226334565	236124178	Chr2D	226434268	236159149	10	0.9995
Chr2D	238162860	265066747	Chr2D	238171491	264959996	46	0.9999130434782609
Chr2D	267698311	280652282	Chr2D	267573295	280924194	35	0.9995714285714286
Chr2D	282927919	582494715	Chr2D	283200701	581788341	2200	0.9978086363636364
Chr2D	584531119	635522009	Chr2D	582341013	637773317	628	0.9810668789808917
Chr2D	642872050	647814446	Chr2D	642512704	647419880	118	0.9980677966101695
Chr2D	635584896	642829503	Chr2D	647461549	655211391	113	0.9932477876106194
