cs_chr	cs_start	cs_end	SY_Mattis_tgt_chr	SY_Mattis_tgt_start	SY_Mattis_tgt_end	n_anchors	mean_identity
Chr5D	95790	566874	Chr5D	6745884	7212551	6	0.9941666666666666
Chr5D	933961	142906633	Chr5D	409418	144199817	1113	0.9985076370170709
Chr5D	150833053	185200167	Chr5D	150888879	185032643	58	0.9988965517241379
Chr5D	187947173	193635424	Chr5D	186905554	195911180	25	0.99796
Chr5D	196853980	564123032	Chr5D	199119300	566120402	4154	0.9982655272026962
Chr5D	564587624	565976360	Chr5D	558698226	560186603	35	0.9999142857142858
