cs_chr	cs_start	cs_end	SY_Mattis_tgt_chr	SY_Mattis_tgt_start	SY_Mattis_tgt_end	n_anchors	mean_identity
Chr7D	210218	277735513	Chr7D	395451	275718005	2634	0.9985630220197419
Chr7D	282874482	285683864	Chr7D	280807238	283614704	5	0.9865999999999999
Chr7D	287902401	307163278	Chr7D	285807919	307874554	41	0.9991463414634147
Chr7D	309504249	313709460	Chr7D	310210720	314391176	11	1.0
Chr7D	318812712	321972400	Chr7D	316552825	319692272	6	1.0
Chr7D	324339077	340299388	Chr7D	322041397	337997881	19	0.9996842105263157
Chr7D	342405820	636967267	Chr7D	340099489	632856785	2435	0.9989613963039016
Chr7D	631685822	632460745	Chr7D	634147511	634837606	18	0.9716111111111112
Chr7D	637695014	638667898	Chr7D	627247247	628214393	17	0.9993529411764707
