cs_chr	cs_start	cs_end	Julius_tgt_chr	Julius_tgt_start	Julius_tgt_end	n_anchors	mean_identity
Chr2D	84238	215062920	Chr2D	82827	218943992	2161	0.9964095326237853
Chr2D	217854985	226021304	Chr2D	221741144	229896114	13	0.9995384615384617
Chr2D	228439393	238204054	Chr2D	232321072	242063915	10	0.9979000000000001
Chr2D	240232637	259978877	Chr2D	244081096	263444297	32	0.99975
Chr2D	263858571	270527810	Chr2D	264073817	270773347	14	0.9992857142857143
Chr2D	273178435	283308056	Chr2D	273501248	287172574	31	0.998225806451613
Chr2D	285583565	585491019	Chr2D	289420589	593145865	2182	0.9973258478460129
Chr2D	587518411	651676873	Chr2D	593751323	661232449	850	0.9865482352941177
