cs_chr	cs_start	cs_end	Julius_tgt_chr	Julius_tgt_start	Julius_tgt_end	n_anchors	mean_identity
Chr4B	6781362	11679180	Chr4B	4979362	9378801	50	0.99754
Chr4B	17144148	86155240	Chr4B	14644537	83114150	610	0.9971868852459016
Chr4B	88370406	155154630	Chr4B	85329523	151330552	381	0.996472440944882
Chr4B	157172475	164642854	Chr4B	153331047	160819798	12	0.9993333333333334
Chr4B	167236891	205159309	Chr4B	163161129	201002600	179	0.9979162011173184
Chr4B	357330117	428374125	Chr4B	351819206	423043248	339	0.998716814159292
Chr4B	430804721	673727606	Chr4B	425495115	670293768	1830	0.9962196721311476
