cs_chr	cs_start	cs_end	Julius_tgt_chr	Julius_tgt_start	Julius_tgt_end	n_anchors	mean_identity
Chr5D	5314754	6015245	Chr5D	1625151	2331103	15	0.9993333333333333
Chr5D	6780466	7633829	Chr5D	9640	868525	11	0.997
Chr5D	298647	5128773	Chr5D	2522450	7340764	105	0.998742857142857
Chr5D	7694130	143714900	Chr5D	7796289	146700915	997	0.9987301905717152
Chr5D	151476064	185711594	Chr5D	153611466	187853314	58	0.9978620689655173
Chr5D	191739975	196532049	Chr5D	196255935	200666903	20	0.9994500000000001
Chr5D	199741740	569782173	Chr5D	203885915	575119065	4202	0.9980364112327462
