cs_chr	cs_start	cs_end	Julius_tgt_chr	Julius_tgt_start	Julius_tgt_end	n_anchors	mean_identity
Chr7A	6151176	10596220	Chr7A	3068766	7929345	63	0.9773968253968252
Chr7A	14299338	74955432	Chr7A	13945553	72319308	659	0.9910227617602428
Chr7A	77011021	149795904	Chr7A	74435937	146210770	663	0.9954494720965308
Chr7A	160300241	164867228	Chr7A	158273614	163482622	35	0.9899142857142856
Chr7A	176812931	316231457	Chr7A	174370172	313942256	691	0.9966888567293776
Chr7A	318780197	364830171	Chr7A	316442897	362585530	84	0.998607142857143
Chr7A	367537951	393376082	Chr7A	368146974	394203784	38	0.9995526315789476
Chr7A	396497557	744483656	Chr7A	397348631	745886024	2520	0.9949281746031746
