cs_chr	cs_start	cs_end	Julius_tgt_chr	Julius_tgt_start	Julius_tgt_end	n_anchors	mean_identity
Chr7D	210218	282517414	Chr7D	122919	283481034	2673	0.9976606808829032
Chr7D	284804194	287605519	Chr7D	285766886	288633212	5	0.9958
Chr7D	289812212	308999203	Chr7D	290833686	312924337	40	0.99975
Chr7D	311331614	315519045	Chr7D	315255973	319445422	11	0.9977272727272728
Chr7D	320605710	323749465	Chr7D	321615407	324757881	6	1.0
Chr7D	326109003	342132821	Chr7D	327111774	343486020	19	0.9995789473684212
Chr7D	344251962	642681848	Chr7D	345725984	642379752	2509	0.9984623355918693
