cs_chr	cs_start	cs_end	Attraktion_tgt_chr	Attraktion_tgt_start	Attraktion_tgt_end	n_anchors	mean_identity
Chr2D	34213	212930092	Chr2D	151102	218559188	2208	0.9981209239130435
Chr2D	215731966	223908849	Chr2D	221342488	229483078	13	0.9995384615384617
Chr2D	226334565	236124178	Chr2D	231899163	241653086	10	0.9994000000000002
Chr2D	238162860	252143489	Chr2D	243675825	257647218	24	0.9998333333333335
Chr2D	254980477	265066747	Chr2D	259654787	269718594	21	0.9998571428571429
Chr2D	267698311	280652282	Chr2D	272366450	285550384	33	0.9995454545454545
Chr2D	282927919	582494715	Chr2D	287817880	591538187	2192	0.9979297445255474
Chr2D	584531119	635522009	Chr2D	592147600	648329748	601	0.9834009983361067
Chr2D	643172701	647814446	Chr2D	652948160	657263804	103	0.9992718446601941
