cs_chr	cs_start	cs_end	Attraktion_tgt_chr	Attraktion_tgt_start	Attraktion_tgt_end	n_anchors	mean_identity
Chr5D	5101272	7016867	Chr5D	411094	2293547	71	0.9997605633802817
Chr5D	95790	4266542	Chr5D	2637304	6959365	54	0.9987777777777779
Chr5D	7119737	142906633	Chr5D	6967824	151833466	997	0.9993410230692076
Chr5D	150833053	185200167	Chr5D	159268116	193514761	58	0.998603448275862
Chr5D	187947173	193635424	Chr5D	195229485	206197021	23	0.9967391304347825
Chr5D	196853980	564228716	Chr5D	209399188	583932076	4140	0.9985132850241546
Chr5D	564749882	565976360	Chr5D	575494299	576695494	34	0.9999411764705883
