cs_chr	cs_start	cs_end	Attraktion_tgt_chr	Attraktion_tgt_start	Attraktion_tgt_end	n_anchors	mean_identity
Chr7A	239629	71670370	Chr7A	300323	75031827	814	0.990056511056511
Chr7A	73730871	311914665	Chr7A	78004469	314594269	1531	0.9957759634225996
Chr7A	314415263	356369547	Chr7A	316792219	358728993	81	0.9987160493827159
Chr7A	359051136	360613751	Chr7A	361355493	362998346	3	0.999
Chr7A	362739671	388772773	Chr7A	367476925	394966916	38	0.9995526315789475
Chr7A	391904207	736698014	Chr7A	398087207	748743229	2413	0.9938524658101948
