cs_chr	cs_start	cs_end	Attraktion_tgt_chr	Attraktion_tgt_start	Attraktion_tgt_end	n_anchors	mean_identity
Chr7D	210218	16171004	Chr7D	253567	17225287	267	0.999318352059925
Chr7D	18218506	277735513	Chr7D	17323777	280010531	2301	0.9989865275966971
Chr7D	287902401	307163278	Chr7D	290192748	312239006	41	0.9990243902439024
Chr7D	309504249	313709460	Chr7D	314570517	318747079	11	0.9998181818181819
Chr7D	318812712	321972400	Chr7D	320918111	324058098	6	1.0
Chr7D	324339077	340299388	Chr7D	326433212	342336522	19	0.9997894736842107
Chr7D	342405820	638425547	Chr7D	344393926	643870296	2526	0.9991749802058589
